,B24_NAME,RM_ID,P26_RA,P26_DEC,B24_R500,z,LAMBDA_CHISQ,LAMBDA_CHISQ_ERR,B24_KT,B24_KT_L,B24_KT_H,B24_L500_0520,B24_L500_L_0520,B24_L500_H_0520,P26_T_ero,P26_T_ero_lo_err,P26_T_ero_hi_err,P26_L_0.5-2_ero,P26_L_0.5-2_ero_lo_err,P26_L_0.5-2_ero_hi_err,P26_L_0.1-10_ero,P26_L_0.1-10_ero_lo_err,P26_L_0.1-10_ero_hi_err,P26_T_xmm,P26_T_xmm_lo_err,P26_T_xmm_hi_err,P26_L_0.5-2_xmm,P26_L_0.5-2_xmm_lo_err,P26_L_0.5-2_xmm_hi_err,P26_L_0.1-10_xmm,P26_L_0.1-10_xmm_lo_err,P26_L_0.1-10_xmm_hi_err
0,1eRASS J000559.2-344311,98.0,1.5,-34.73,1213.0,0.12,103.0,4.453872,-1.0,2.63,-1.0,123.663,114.215,133.047,2.148830537,0.5828047929999998,2.825997113,2.9909698560000003e+43,3.3562534041591604e+42,5.1678716646005496e+42,6.453675128000001e+43,9.31535610746374e+42,1.7094028841981402e+43,7.357529574,0.198259181,0.1969908270000004,1.594946754e+44,1.6165918479048998e+42,1.2456030660964701e+42,5.378525542000001e+44,5.072780386586471e+42,6.37741739561258e+42
1,1eRASS J001318.5-490651,403.0,3.34,-49.13,1247.0,0.42,91.0,5.2101593,2.26,1.78,3.56,380.21,330.394,432.564,2.022453863,0.3303588429999999,0.7028620710000002,4.637851252e+44,4.59779373130408e+43,5.664393009536787e+43,9.505128723000002e+44,9.383446124370504e+43,1.4920114617710214e+44,8.942015393,1.652104626,2.496979677000001,4.327804167000001e+44,1.8995716058708103e+43,3.1490132478344856e+43,1.544309169e+45,1.3618088216205295e+44,9.674466123607636e+43
2,1eRASS J004049.8-440743,19.0,10.21,-44.13,1250.0,0.36,143.0,3.7483463,6.02,3.14,13.58,316.747,283.674,358.648,55.22208924,46.933504585,-55.22208924,2.5428955570000004e+44,2.5428955570000004e+44,2.0100810008253656e+44,1.2110553610000002e+45,1.2110553609868331e+45,8.474095746106522e+44,8.070516648,0.2485022150000002,0.2487778679999994,1.8409766560000004e+44,1.1026801841528712e+43,1.2932588874590765e+43,6.3792303329999996e+44,3.399558292136113e+43,4.544697132483395e+43
3,1eRASS J004104.1-442841,41.0,10.25,-44.49,1204.0,0.35,126.0,5.0090547,-1.0,2.92,-1.0,258.684,216.373,310.532,1.859329235,0.3802696599999999,1.0076010460000002,2.0619563680000003e+44,2.2195692039320469e+43,4.794047025833173e+43,4.110672839e+44,7.147104477867808e+43,1.2671938505340644e+44,4.648831544,0.1705905459999996,0.1719950150000002,3.075633856e+44,4.5786878844358504e+42,3.79146867730492e+42,8.901296786000001e+44,1.7623119103132422e+43,1.6851625080762978e+43
4,1eRASS J004207.0-283154,252.0,10.54,-28.54,1258.0,0.11,74.0,2.985724,3.89,3.03,6.08,166.982,159.373,174.866,3.721716609,0.6997637980000002,0.9197789220000004,1.5864790520000002e+44,5.97894176302086e+42,5.834335205644939e+42,4.19929481e+44,4.1249653240617786e+43,4.879991503766317e+43,4.540159406,0.0671042279999998,0.0671155690000002,2.211243482e+44,9.9289073861731e+41,8.173610581273701e+41,6.347835492e+44,2.928442787301601e+42,4.527155116182501e+42
5,1eRASS J004922.3-293108,428.0,12.35,-29.52,1078.0,0.11,61.0,2.851985,-1.0,3.23,-1.0,69.253,64.307,74.316,5.088894877,1.5508441150000003,3.770114167,7.145785683000001e+43,5.022040756626641e+42,4.8512511952637296e+42,2.122996394e+44,4.710724307224337e+43,3.657166631754701e+43,4.447986121,0.1600518319999997,0.1446896530000003,9.391246369e+43,7.500940149279503e+41,8.864661855579202e+41,2.677252823e+44,3.52973333760573e+42,4.3493424431891195e+42
6,1eRASS J010029.8-474920,3927.0,15.13,-47.82,860.0,0.42,42.0,2.9322848,-1.0,2.17,-1.0,95.73,69.899,126.966,23.06157999,21.44534596,-23.06157999,4.188897417e+43,4.188897417e+43,8.349732500747503e+43,1.7854538380000003e+44,1.7854538380000003e+44,3.7353793468085886e+44,2.152760726,0.1762529809999999,0.0949454370000002,6.491051134000001e+43,4.2892595488710796e+42,3.315902814936621e+42,1.419581877e+44,8.756114689030321e+42,1.12538993502802e+43
7,1eRASS J011444.3-412337,1057.0,18.68,-41.4,1235.0,0.38,75.0,4.360306,2.07,1.65,4.06,333.789,288.974,384.149,3.613691747,0.9515707019999996,4.677412517,3.3122727969999998e+44,7.645854406892847e+43,4.0347913968153606e+43,8.546016011e+44,2.3989565682502245e+44,1.9570736681952848e+44,6.259990575,0.3497532649999995,0.3526038210000006,3.4029553000000003e+44,7.42936139406295e+42,5.832936687488311e+42,1.090778958e+45,2.2001298692030096e+43,2.722213040833329e+43
8,1eRASS J011811.2-265805,222.0,19.55,-26.97,1290.0,0.23,102.0,6.119663,3.76,2.89,9.74,251.165,232.84,271.625,5.538375623,1.6695295360000002,2.434790251,2.8559774379999998e+44,1.7276947870418159e+43,1.6726553484349849e+43,8.714357835e+44,2.376997117247808e+44,1.4011328241985583e+44,6.377115297,0.1855564939999991,0.1857803920000007,3.568174614000001e+44,3.0896905971114705e+42,2.9084795295889705e+42,1.1502803599999999e+45,1.123730852704736e+43,1.5339373784422781e+43
9,1eRASS J013341.2-643405,223.0,23.37,-64.57,1253.0,0.32,111.0,6.9014244,7.04,3.92,19.91,282.965,260.359,310.771,7.340713745,2.761219188,9.386925165,3.186752333e+44,3.4148146309279046e+43,2.4932368873007397e+43,1.060295591e+45,3.8190843762435665e+44,1.5246102439002775e+44,6.327323379,0.4266647939999997,0.4300781499999999,3.657227821e+44,1.063818184751864e+43,8.249612999620321e+42,1.1765646899999998e+45,3.3585230876999344e+43,3.9741021612644714e+43
10,1eRASS J014005.5-341036,1562.0,25.03,-34.18,1311.0,0.4,57.0,3.1677842,-1.0,7.36,-1.0,462.355,426.232,499.445,5.855331938,2.139317867,5.156438352,4.8227646890000005e+44,4.900270867049091e+43,3.7048905446027507e+43,1.487437387e+45,5.2295796417022766e+44,2.7148520479549196e+44,6.434796483,0.3787701860000005,0.3819704439999993,5.2485265479999995e+44,1.220036852076911e+43,8.99674103014284e+42,1.698170861e+45,4.1061167684534755e+43,4.441850394221346e+43
11,1eRASS J014456.1-530105,458.0,26.25,-53.02,1203.0,0.12,75.0,4.321021,4.94,3.83,9.01,149.468,142.462,156.426,4.116984982,1.1353685260000002,1.1832491889999996,1.4034202889999999e+44,6.67929666250172e+42,6.33339496260386e+42,3.8611037129999995e+44,4.534119047362511e+43,4.3983276714737544e+43,7.128605392,0.1344014719999995,0.134214826,1.842550872e+44,1.1889989350119902e+42,1.49553759921577e+42,6.1591293100000005e+44,4.47977067171605e+42,6.99958607249839e+42
12,1eRASS J014041.8-543206,552.0,25.15,-54.51,844.0,0.1,58.0,2.9457066,-1.0,1.26,-1.0,20.706,18.071,23.565,1.287393884,0.2833798430000001,0.4936571159999998,5.2260341529999996e+42,1.64748662271953e+42,1.59577982642732e+42,9.151118427e+42,2.9785213925889003e+42,4.455041571432981e+42,3.263612801,0.1336085579999997,0.1343307510000002,1.9987321500000001e+43,3.7327012609436e+41,2.6550969537596007e+41,5.076646673000001e+43,1.0498538172211e+42,1.2872088672894701e+42
13,1eRASS J015900.6-341307,76.0,29.77,-34.22,1328.0,0.4,138.0,4.823525,3.16,2.38,7.35,509.68,457.445,562.871,4.336021611,1.2652961809999996,4.690012527,4.9351786630000005e+44,4.647765292045793e+43,4.0773413021204954e+43,1.366739803e+45,2.369132137719951e+44,1.8582151612452344e+44,7.810505258,0.1743359880000001,0.1745291179999997,5.9688384180000006e+44,2.8264029470778304e+42,5.356530731104021e+42,2.047850291e+45,1.6723495563718212e+43,1.5698454424526739e+43
14,1eRASS J021124.5-401725,3578.0,32.88,-40.3,939.0,0.12,27.0,1.9131109,-1.0,1.83,-1.0,34.714,31.92,37.627,2.112729439,0.4000857750000002,1.0985091749999998,3.603637777000001e+43,2.5654576175583004e+42,3.2633214207122305e+42,7.735218485e+43,7.888641128253021e+42,1.22220041759193e+43,2.092838414,0.0266728660000001,0.0265413059999999,4.985715793999999e+43,4.1828339599827995e+41,3.657154645135601e+41,1.078543721e+44,8.667641985404701e+41,1.0008630818457101e+42
15,1eRASS J021714.8-524500,73.0,34.31,-52.76,1085.0,0.34,130.0,5.569202,-1.0,3.02,-1.0,151.271,125.394,179.162,1.77471422,0.38834693,1.101324908,1.2668821019999999e+44,2.132259544824346e+43,4.0595734280609434e+43,2.489511446e+44,5.468645936499148e+43,8.772439636845689e+43,7.297920228,0.8571457679999996,0.9896276350000006,1.562009949e+44,6.17331288509006e+42,3.6544863330273904e+42,5.255185587e+44,3.1450962356901333e+43,2.5161859581521103e+43
16,1eRASS J022553.0-415457,130.0,36.49,-41.88,1406.0,0.23,105.0,4.5064163,3.47,2.6,5.42,336.158,305.674,552.858,4.320209128,1.531874679,4.176784394,1.0118068289999999e+44,1.1248301313088212e+43,1.02546921435408e+43,2.8224526230000007e+44,8.04801340536161e+43,5.94105636444555e+43,5.613690972,0.0677872809999993,0.067825344,4.015978705e+44,1.3600339952298999e+42,1.8627191644695204e+42,1.242441986e+45,5.256710779675941e+42,6.526950146071251e+42
17,1eRASS J022729.3-405059,7901.0,36.87,-40.85,783.0,0.42,37.0,2.7849593,-1.0,2.3,-1.0,59.926,48.035,76.162,4.112766412,2.250898615,59.635318138,7.01831471e+43,7.01831471e+43,1.5408958967725321e+43,1.8989987509999998e+44,1.1198293902805075e+44,5.374084105617027e+43,3.22238302,0.4857444129999999,0.7408186199999998,4.870228204000001e+43,4.4730244779125103e+42,2.80565703187331e+42,1.230808583e+44,1.2912450736347279e+43,1.181067738123801e+43
18,1eRASS J022920.7-333210,1489.0,37.34,-33.53,950.0,0.1,45.0,2.6929505,1.55,1.42,2.21,34.188,31.638,36.777,3.148535962,0.726088523,1.3407731269999998,3.2905305219999997e+43,1.99001346105692e+42,2.2729783752554006e+42,8.177411372999999e+43,1.3236069124741571e+43,1.349034768016267e+43,3.530079739,0.1491256660000002,0.1869458850000001,5.213343558000001e+43,8.458129865533702e+41,9.3284130719301e+41,1.363718094e+44,3.2071644309966096e+42,3.9504172187012995e+42
19,1eRASS J023032.4-602752,13148.0,37.64,-60.46,838.0,0.67,38.0,3.491371,-1.0,5.12,-1.0,222.555,174.803,287.94,3.188936815,1.521421808,8.559178885,3.039753448e+44,5.661545592364933e+43,9.058273274664911e+43,7.32585109e+44,2.2307005046497924e+44,2.1250316839631278e+44,4.529157959,0.3502801120000001,0.3606871810000003,2.7506321769999998e+44,8.912325455989641e+42,8.868786778853701e+42,7.890028415e+44,3.2129651864748625e+43,2.7886221533576864e+43
20,1eRASS J023218.3-442048,234.0,38.0,-44.38,1429.0,0.28,117.0,6.6067247,-1.0,6.35,-1.0,689.466,654.639,726.127,5.645168559,1.1544235120000002,1.801597137,7.496641543e+44,3.0399198488717685e+43,2.7423966511578355e+43,2.2940874940000003e+45,2.9738645329969446e+44,2.279164298953673e+44,6.406918108,0.0734071090000005,0.0734773479999999,8.604970928000002e+44,7.82029575781858e+42,6.984281366901671e+42,2.779833699e+45,2.806434905137631e+43,1.481220676909113e+43
21,1eRASS J023259.7-581948,973.0,38.25,-58.33,1011.0,0.68,85.0,5.1273727,-1.0,3.26,-1.0,348.514,294.67,419.728,63.93384149,53.7209152,-63.93384149,1.7356463060000003e+44,1.7356463060000003e+44,3.5864931340519335e+44,8.311130304000001e+44,8.311130304000001e+44,1.9921222096648334e+45,5.902849932,0.4055541999999992,0.4111116180000005,2.4805366450000003e+44,4.4215498737589013e+42,6.346873607825151e+42,7.799641415e+44,1.9210883828955919e+43,1.7269259881663182e+43
22,1eRASS J023419.1-095138,2271.0,38.58,-9.87,844.0,0.61,57.0,3.4906394,0.86,0.56,1.2,210.34,149.137,291.702,0.8628056463,0.1264412219999999,0.1442457586999999,1.8795927729999998e+44,5.061835937692448e+43,3.183555538180304e+43,2.6586266440000003e+44,9.562683983121091e+43,4.983342454289573e+43,3.036005632,1.3437613810000002,5.169231524000001,3.0784925020000004e+44,1.546886869113927e+44,1.0226055224931096e+44,7.609525811e+44,5.257381576131575e+44,1.5575416132571532e+44
23,1eRASS J023442.4-583123,115.0,38.71,-58.51,1256.0,0.4,110.0,4.013619,-1.0,11.54,-1.0,424.992,395.701,457.765,13.36799891,6.684203147000001,46.09749839,4.545383747e+44,6.078195465140989e+43,3.9452572910973103e+43,1.754170465e+45,7.0001729205279935e+44,4.3345983931323745e+44,5.770968033,0.2377941100000002,0.2392440950000001,5.957915071000001e+44,9.489960091345689e+42,8.251016907284479e+42,1.860236574e+45,3.7975083252044287e+43,3.0552377918596407e+43
24,1eRASS J023555.8-365640,38188.0,38.98,-36.94,714.0,0.32,21.0,2.4869006,-1.0,1.97,-1.0,31.495,22.804,41.079,11.36971186,9.198887926,-11.36971186,2.8924117770000003e+43,2.8924117770000003e+43,1.3261133739192198e+43,1.08284733e+44,1.08284733e+44,1.0140490614519327e+44,1.981912844,0.545423464,1.0955495910000002,3.698874897000001e+43,4.0821762789505697e+42,9.518201041291079e+42,7.846601983000001e+43,1.3852272439876672e+43,1.8126756707498592e+43
25,1eRASS J024037.4-594604,348.0,40.16,-59.76,1128.0,0.4,80.0,3.7144537,-1.0,14.29,-1.0,205.277,182.295,226.915,63.99800136,39.50485873,-63.99800136,1.9341452820000003e+44,1.9341452820000003e+44,2.433533938782395e+44,9.311430418e+44,9.311430418e+44,1.255003824235868e+45,7.70974588,0.5892994250000001,0.5915491789999994,2.686187569e+44,4.9084164579352895e+42,8.751242901473322e+42,9.180700966e+44,2.6962514185590143e+43,2.5876808745245415e+43
26,1eRASS J024122.2-283914,104.0,40.35,-28.65,1269.0,0.24,111.0,5.2532487,-1.0,2.57,-1.0,222.37,201.805,248.793,2.676304211,0.578217564,1.277936886,1.799904037e+44,1.0133761385502369e+43,1.5765961922697201e+43,4.17365282e+44,5.162374318828285e+43,6.595089366400467e+43,6.226854383,0.250045976,0.2508664840000003,2.5915714200000006e+44,3.5153381281699296e+42,3.59418467905085e+42,8.283409739e+44,1.4327721027073621e+43,1.2067674465146571e+43
27,1eRASS J024235.9-213225,4588.0,40.7,-21.57,1462.0,0.32,56.0,5.960147,6.5,4.44,7.87,616.444,566.308,687.631,4.904073859,0.9873635930000004,1.5498723659999998,7.194194203000001e+44,3.852962580941909e+43,3.2292179484388034e+43,2.088631481e+45,2.4278105682949037e+44,2.242368762613147e+44,4.811412794,0.0423121789999996,0.0424430390000001,9.104779725999999e+44,3.1128597386002704e+42,3.39132909617583e+42,2.667062462e+45,1.134700834807188e+43,1.0424718805240613e+43
28,1eRASS J024339.2-483339,37.0,40.91,-48.56,1248.0,0.5,139.0,4.2429137,-1.0,5.32,-1.0,521.38,469.682,587.74,21.57981652,13.980405335,-21.57981652,5.530217383000001e+44,5.530217383000001e+44,5.871537472078741e+43,2.3320241410000004e+45,2.3320241405637752e+45,4.280247073995208e+44,6.384611155,0.2329306610000001,0.2341362560000002,6.426463134e+44,1.1036257024648492e+43,1.122981746974729e+43,2.073666991e+45,3.4763155599960456e+43,3.0611200243102596e+43
29,1eRASS J024409.0-261049,871.0,41.09,-26.24,1047.0,0.15,66.0,3.4275289,-1.0,2.58,-1.0,61.581,56.312,66.423,1.988117035,0.3144499139999999,0.6253735760000001,3.699708423000001e+43,2.8304167977741804e+42,3.8985723665907395e+42,7.722690660000001e+43,8.909751784901021e+42,1.293627190008882e+43,3.307393399,0.0674431919999998,0.067424119,5.625644403e+43,3.974962827330601e+41,3.401551889500701e+41,1.435908367e+44,1.57176340624542e+42,1.5783388371883406e+42
30,1eRASS J024530.5-530211,8.0,41.35,-53.03,1334.0,0.3,151.0,4.1413856,7.76,5.39,16.81,434.63,408.829,463.058,5.303635357,1.3415963740000003,2.233171329,4.922367796e+44,2.709056754223675e+43,2.2301564307912335e+43,1.473767996e+45,1.7891244765257902e+44,1.5629469932152903e+44,9.441027654,0.4182133020000016,0.416683021999999,5.3965863160000005e+44,4.034068263948061e+42,7.73415115438392e+42,1.9512678680000003e+45,2.6337362962643094e+43,2.6243791216466914e+43
31,1eRASS J025353.3-604637,35.0,43.46,-60.78,715.0,0.45,25.0,5.0951715,-1.0,1.61,-1.0,44.11,28.895,63.434,0.2146606925,0.0691813518,0.1093955308,3.5328758240000005e+43,2.9345479029969106e+43,9.87238118582111e+42,9.334744223e+43,7.506607144617715e+43,2.2745155757147867e+43,4.180515806,1.0593907679999996,1.3721255279999998,4.2103584500000007e+43,5.0896210236343195e+42,4.1881800274467597e+42,1.1733017019999999e+44,2.0236793801690003e+43,1.4883964684599125e+43
32,1eRASS J025418.0-585646,1.0,43.56,-58.95,1298.0,0.43,222.0,5.712534,-1.0,4.49,-1.0,527.456,483.61,579.442,3.546463388,0.9377041879999995,1.7050867740000002,4.598522601e+44,3.7128608692742517e+43,4.174832373589286e+43,1.1733825660000002e+45,2.219938418256577e+44,2.2154993790306694e+44,7.849123711,0.1959557959999998,0.1962008230000007,5.484516139e+44,9.188571000530459e+42,1.2526154961829978e+43,1.884440661e+45,3.5519715964337103e+43,3.6820887076744553e+43
33,1eRASS J025419.7-605201,18.0,43.59,-60.87,1041.0,0.45,156.0,4.9382305,-1.0,1.78,-1.0,171.979,145.408,202.614,24.8956652,19.84194808,-24.8956652,1.37758371e+44,1.37758371e+44,4.685441060719429e+43,5.9356633810000005e+44,5.935663380689783e+44,3.550809387249286e+44,6.008991552,0.6656582950000001,0.7090162549999999,1.53117456e+44,6.115408159088451e+42,6.429202783963651e+42,4.842637062e+44,2.4165983728657567e+43,2.0593614510553778e+43
34,1eRASS J025708.9-232602,259.0,44.29,-23.43,1310.0,0.5,102.0,4.598015,5.17,3.09,13.34,699.354,629.053,778.141,6.764984589,2.628502761,9.149173241,6.6043137950000006e+44,6.879932481807203e+43,5.472924677732667e+43,2.131043612e+45,4.929759735984384e+44,2.9821620471145185e+44,7.475732051,0.2079033499999996,0.2081056130000007,8.216464999999999e+44,6.649626139933241e+42,6.628441314377659e+42,2.783310082e+45,2.0309886886323518e+43,2.5099469650966465e+43
35,1eRASS J030416.4-440155,51.0,46.07,-44.03,1218.0,0.45,138.0,5.6269073,6.16,2.99,8.59,412.075,369.013,460.44,3.408392164,0.8814538649999997,1.3489973159999995,4.908858580000001e+44,4.0286076394002393e+43,3.9405926338254937e+43,1.2325792530000001e+45,1.6530399363126551e+44,1.784725692486317e+44,6.117055199,0.2419738159999998,0.2443831850000002,5.4477122759999995e+44,8.72926607754863e+42,6.730103849538189e+42,1.732852813e+45,2.512669078113144e+43,3.2123237898573313e+43
36,1eRASS J030702.0-283956,245.0,46.76,-28.67,1369.0,0.25,103.0,4.3779373,4.42,3.66,6.01,462.157,439.926,487.799,4.341726008,0.811021813,1.2870294910000002,4.57911689e+44,2.1462660465129824e+43,1.5952452895660879e+43,1.2773644629999998e+45,1.5763846575347428e+44,1.3855458086767563e+44,6.600700795,0.1570101079999997,0.1576236910000004,4.674535322e+44,3.0959764319933803e+42,3.9956715800511503e+42,1.5256445300000002e+45,1.5341904866449482e+43,1.4664524590171903e+43
37,1eRASS J031411.2-290824,677.0,48.54,-29.14,1004.0,0.36,71.0,3.3887072,3.86,2.1,10.63,108.082,93.473,125.472,2.252046178,0.575471515,1.9944149980000003,1.2134448289999999e+44,2.0520149710218504e+43,3.360150416034199e+43,2.6158166750000003e+44,4.780036295687575e+43,7.155640493476829e+43,0.9228339239,0.1933813486,0.1820629161000001,3.1747790180000007e+43,1.4332940825971842e+43,1.3603371329138765e+43,5.106416012000001e+43,2.382019626655697e+43,1.6284505955441118e+43
38,1eRASS J031716.1-593522,1156.0,49.32,-59.59,1034.0,0.47,59.0,3.6353111,-1.0,1.99,-1.0,174.278,151.598,202.117,5.630934079,2.8192757430000004,24.118074141,1.315913256e+44,4.526765253593437e+43,1.9158228928237338e+43,3.9930604170000005e+44,1.76714613819984e+44,9.191234556098455e+43,5.878087791,0.4480123009999994,0.4548640260000001,2.469384993e+44,1.097824279575016e+43,1.199262665770693e+43,7.754687588e+44,4.1557863531367514e+43,2.8410180974970807e+43
39,1eRASS J031757.8-441417,200.0,49.49,-44.22,1368.0,0.11,105.0,4.6476307,4.31,3.36,4.95,294.182,285.476,302.578,3.854253599,0.4339888000000003,0.4347353300000001,1.8053557999999998e+44,3.2939227150035705e+42,3.5914677707539005e+42,4.851199389e+44,3.3425260941251163e+43,3.2589797010502783e+43,2.726775863,0.0200588929999998,0.0297622730000002,3.4023929470000003e+44,1.06054047115584e+42,9.147854671823501e+41,8.092938179000001e+44,4.11894630860183e+42,3.6165545486146113e+42
40,1eRASS J032448.7-290517,6426.0,51.2,-29.09,881.0,0.22,40.0,3.0947304,-1.0,3.65,-1.0,39.79,30.416,52.074,13.73387414,9.383680383999998,-13.73387414,3.4960578590000008e+43,3.4960578590000008e+43,6.70340187176444e+42,1.364096301e+44,1.3640962524449782e+44,6.316540612731767e+43,3.125332515,0.7147770760000003,1.2717938279999998,3.5255647340000004e+43,2.06103731226693e+42,2.96499621969537e+42,8.774584063000001e+43,1.3230137543034971e+43,1.2028245449665649e+43
41,1eRASS J032836.5-554251,46.0,52.15,-55.71,1159.0,0.11,111.0,4.9787197,3.64,3.17,5.33,118.051,114.284,121.91,4.746496865,0.7539614110000001,1.1364088189999997,1.084440058e+44,2.72103687980425e+42,3.45890514850152e+42,3.1469205400000004e+44,2.639768964083046e+43,3.1436728774384883e+43,5.135851556,0.1266155160000002,0.1263809399999997,1.510393187e+44,2.4827071720209505e+42,2.3464104747311905e+42,4.531162101e+44,6.189591412750011e+42,9.99205355153547e+42
42,1eRASS J032926.7-273107,12503.0,52.36,-27.52,581.0,0.24,30.0,2.5353212,-1.0,2.0,-1.0,9.585,6.018,14.637,54.86416859,52.530084966,-54.86416859,1.1414191279999998e+43,1.1414191279999988e+43,1.0216164099446539e+43,5.448234645999999e+43,5.448234073820713e+43,5.467492848436629e+43,2.685444433,0.2059885579999996,0.3097836640000002,1.896231674e+43,7.7839814690121e+41,6.265550405965002e+41,4.477475698000001e+43,1.9458835095746806e+42,1.7000172564058406e+42
43,1eRASS J033101.2-522843,684.0,52.74,-52.47,1381.0,0.43,90.0,5.571814,-1.0,3.57,-1.0,822.242,765.088,887.19,4.865506311,1.6485942199999997,3.463094076,5.8132383429999996e+44,4.8456035868159665e+43,5.456381494247358e+43,1.673529926e+45,3.0534394695391607e+44,2.5933206258610294e+44,4.554940028,0.075842336,0.0762979750000001,3.6673809780000005e+44,1.3056303398283133e+43,1.0571570855420249e+43,1.053875367e+45,3.3110979870345077e+43,2.825981337362032e+43
44,1eRASS J033359.3-283802,2868.0,53.5,-28.64,699.0,0.66,62.0,4.1265206,-1.0,1.29,-1.0,93.874,58.436,139.408,0.6251968548,0.4010067777,0.8708528172000001,3.863517228e+44,3.863517228000001e+44,4.3902943805279947e+43,5.364725988000001e+44,5.364725988000001e+44,1.7644886967735472e+43,4.128155633,0.5198451090000002,0.7111447959999992,7.716166425000001e+43,9.550360342983752e+42,8.127125543139559e+42,2.1393948869999997e+44,3.2278589157049795e+43,1.927453975088973e+43
45,1eRASS J034007.3-285045,1322.0,55.03,-28.84,1007.0,0.34,68.0,4.904238,-1.0,1.42,-1.0,101.576,84.611,122.93,2.952064921,0.997229177,11.080034239,7.445713334000001e+43,2.221412326242282e+43,1.6344956728220639e+43,1.780635195e+44,7.339763585195877e+43,6.55031667757429e+43,2.837268168,0.4537815090000001,0.588707152,9.287529135e+43,5.2306704346424695e+42,5.968790700287471e+42,2.24028875e+44,1.9119779032052438e+43,2.2209521911801268e+43
46,1eRASS J034204.4-535513,152.0,55.52,-53.92,832.0,0.51,109.0,4.4139223,1.64,1.28,5.22,103.136,83.896,128.213,63.94171387,58.547336361,-63.94171387,4.1238768440000006e+43,4.1238768440000006e+43,1.7473353785896931e+44,1.9808512670000004e+44,1.9808512670000004e+44,6.9843035494295405e+44,4.145425001,0.4340347760000003,0.6619819789999992,1.2197652640000002e+44,4.04624606677909e+42,4.4548014358271204e+42,3.3875319870000004e+44,1.7063280953961721e+43,1.5106376942189285e+43
47,1eRASS J034301.7-551848,948.0,55.76,-55.31,895.0,0.55,59.0,2.9200332,-1.0,3.94,-1.0,126.129,106.507,149.913,4.471325686,1.90942968,11.763106234,1.3167344110000002e+44,4.86145418519992e+43,2.0215393577049189e+43,3.6597501040000005e+44,2.6453587605281406e+44,8.455040246548664e+43,6.640901386,0.7215340560000003,0.845776796,1.557488099e+44,6.85228596792222e+42,5.4187898010890904e+42,5.094977269e+44,2.3367922289607723e+43,2.4882859178866203e+43
48,1eRASS J034557.2-241643,6036.0,56.5,-24.31,1096.0,0.12,37.0,3.8556573,2.55,2.0,2.97,84.284,79.958,88.848,3.361359808,0.6721323670000001,1.249631855,7.920573334999999e+43,4.255288758650841e+42,3.0581181367922403e+42,2.0212786760000003e+44,1.9090806652792652e+43,1.894824344877464e+43,3.862817454,0.083995357,0.0843362879999998,1.069447752e+44,9.830266071850303e+41,7.792665500708001e+41,2.8908312110000004e+44,2.9569780374866196e+42,3.4430368310759105e+42
49,1eRASS J035209.7-403128,2007.0,58.04,-40.52,902.0,0.4,50.0,2.7148757,-1.0,2.63,-1.0,74.908,62.508,89.813,63.92029511,54.696880138,-63.92029511,7.194645446000001e+43,7.194645446000002e+43,7.41101670791083e+43,3.463635268e+44,3.463635268e+44,5.1545249395532304e+44,2.6556039,0.4382963599999998,1.065103864,3.3089408369999996e+43,5.65055733429099e+42,5.5262660820408404e+42,7.794076496999999e+43,1.5834270198758312e+43,1.6141267510091053e+43
50,1eRASS J035414.1-590513,583.0,58.56,-59.09,1054.0,0.41,69.0,3.0469944,3.61,2.53,14.47,149.229,133.074,166.642,3.955814728,1.562246379,33.284576612,1.544522292e+44,1.9411515006173972e+43,1.7820777547201949e+43,4.117435806e+44,1.0632186285277778e+44,8.618848850206221e+43,4.533219697,0.3856334769999998,0.4094823960000004,1.513689718e+44,3.1568790639066696e+42,4.57864872704524e+42,4.342889164e+44,1.8018952856316733e+43,1.7999499443240745e+43
51,1eRASS J040352.5-571940,1265.0,60.97,-57.32,1113.0,0.46,62.0,3.738572,-1.0,7.21,-1.0,235.543,211.233,265.894,63.96124362,48.10986276,-63.96124362,2.034422798e+44,2.034422798e+44,1.999208795565855e+44,9.781106615e+44,9.781106590409359e+44,7.378218957950447e+44,4.735669455,0.2504158859999998,0.2535968459999997,3.1814619780000006e+44,6.903473371977169e+42,7.159947463364771e+42,9.267609620999999e+44,2.549811861778905e+43,2.062259476853612e+43
52,1eRASS J040506.5-371706,4104.0,61.28,-37.29,786.0,0.2,37.0,2.348336,1.49,1.18,2.1,22.189,18.847,26.177,63.99999999,63.99999999,-63.99999999,1.0229419670000002e+38,1.0229419670000002e+38,5.5110193239103835e+43,4.945652812000001e+38,4.945652812000001e+38,3.1032846257681015e+44,0.009122982486,-0.5015206062140001,0.137724052114,8.263756379999999e+32,8.263756379999999e+32,-8.263756379999999e+32,1.8545361740000002e+49,1.8545361740000002e+49,-1.8545361740000002e+49
53,1eRASS J041116.2-481850,6.0,62.8,-48.33,1237.0,0.41,178.0,5.029322,6.93,5.42,14.15,427.782,399.601,463.466,7.681960342,2.801189237,7.893222447999999,4.2517870009999995e+44,2.7719866718867083e+43,2.2722149522143067e+43,1.429021246e+45,3.229999844109362e+44,1.863839984966755e+44,5.604787451,0.2004860669999999,0.2097059269999999,6.402950276e+44,4.1184835878032887e+43,4.027146136766904e+43,1.981057732e+45,1.0595383193180263e+44,1.3454612456229956e+44
54,1eRASS J041723.0-474844,151.0,64.35,-47.81,1190.0,0.59,112.0,4.4736824,-1.0,6.22,-1.0,565.38,515.818,630.968,3.429123026,0.5678845890000002,0.6765413339999995,9.222956286000002e+44,5.49151815196456e+43,6.278805795151101e+43,2.3050512950000003e+45,2.367074960584881e+44,2.2627222304838707e+44,3.697006384,0.0889806079999999,0.0902686890000001,1.1499550700000002e+45,1.4977388419936012e+43,1.1677087190617439e+43,3.0581785000000006e+45,3.5597347129043924e+43,4.1883081878945257e+43
55,1eRASS J042018.4-503151,17944.0,65.07,-50.53,710.0,0.44,28.0,2.7287798,1.16,0.93,2.09,42.866,32.014,54.937,2.361110543,1.6660396543,7.412186548999999,3.2207678560000003e+43,3.2207678559999993e+43,1.2153269982619133e+43,7.026605536000001e+43,5.023420899975051e+43,4.3492046947974305e+43,1.977974641,0.1010686760000001,0.1006555209999999,4.711840122000001e+43,5.0057223284558804e+42,2.7669955318271306e+42,9.986500273e+43,1.0261766030909293e+43,4.35340293272853e+42
56,1eRASS J043817.8-541917,48.0,69.57,-54.32,1292.0,0.42,132.0,4.728269,-1.0,5.35,-1.0,643.019,610.257,678.488,8.239546883,1.9656248519999997,4.144602987000001,5.826892138e+44,3.0815184044875395e+43,2.4036434747434073e+43,2.001347431e+45,1.8314744136781947e+44,1.42467068706708e+44,8.343127774,0.14084523,0.1410230710000011,7.282490099e+44,7.783100628918991e+42,8.701893872892851e+42,2.549697291e+45,2.8431542414958277e+43,2.6709256713747374e+43
57,1eRASS J043817.3-531056,6587.0,69.57,-53.18,557.0,0.3,36.0,2.869104,-1.0,2.24,-1.0,8.314,5.694,11.474,1.6565552,0.4834980749999999,3.110127479,9.058814033e+42,3.2646351197295105e+42,4.16213140094939e+42,1.742717076e+43,5.692000443472321e+42,1.1379513950629952e+43,2.46675527,0.2907614230000002,0.3148341869999997,1.174997532e+43,7.4682609627386e+41,4.9769585500474995e+41,2.6932471270000005e+43,1.9601541645570006e+42,2.4498490963331307e+42
58,1eRASS J044647.1-370345,12.0,71.7,-37.06,1173.0,0.6,204.0,6.391285,-1.0,6.24,-1.0,520.879,462.804,574.899,11.31932048,5.223974275,42.67232348,4.635353768e+44,4.635353768e+44,4.652271893124781e+43,1.7189967800000003e+45,1.718996774658995e+45,4.8100438310497366e+44,8.848535777,0.392368137,0.4921796289999989,4.983750003e+44,6.249954786945591e+42,1.2272257550385742e+43,1.773974681e+45,3.079435667759146e+43,2.3978384312680977e+43
59,1eRASS J044921.0-284909,2576.0,72.34,-28.82,1209.0,0.34,34.0,3.164722,3.73,2.62,6.77,231.402,205.12,263.563,3.432325123,0.939725222,2.396094108,2.5075305650000006e+44,1.9233017347035909e+43,3.3299412223800543e+43,6.3545635840000005e+44,1.5981896789326775e+44,1.6699261332114507e+44,3.010772639,0.1265981849999997,0.1287485680000002,2.6866046219999998e+44,9.412803913259252e+42,7.107896996905771e+42,6.620589028e+44,2.51551888052525e+43,2.4838123883390707e+43
60,1eRASS J044956.2-444019,545.0,72.49,-44.67,1170.0,0.16,66.0,3.6075692,3.0,2.56,4.57,132.113,125.42,139.314,3.43668862,0.5106966800000001,1.02106589,1.2812224610000002e+44,6.248912512572101e+42,6.267397847921021e+42,3.2859536180000003e+44,4.572714870606601e+43,4.296114183351961e+43,3.818810549,0.0981670820000002,0.0987787399999997,1.6613214350000002e+44,1.9723848059971098e+42,1.4581163013435506e+42,4.471505732e+44,5.205013270553921e+42,5.98504811386629e+42
61,1eRASS J045507.1-532347,3728.0,73.77,-53.4,500.0,0.41,44.0,3.4565077,-1.0,-1.0,-1.0,-1.0,-1.0,14.545,6.646846072,4.362539544,-6.646846072,2.0804141119999998e+43,2.0804141119999998e+43,4.5487469405199503e+42,6.6962541360000005e+43,6.696253600571609e+43,2.4736601654371097e+43,3.304864709,0.5066534269999998,0.6401648400000002,2.35689486e+43,1.1554082274306903e+42,1.6249019828708398e+42,6.015390305000001e+43,4.266378553836581e+42,3.36557925276201e+42
62,1eRASS J050105.8-242502,272.0,75.27,-24.42,946.0,0.32,77.0,4.033615,2.01,1.4,6.37,74.678,62.657,90.014,2.097353394,0.5568190940000002,2.548481297,7.8978071280000005e+43,1.1437953476545388e+43,1.7651919647472971e+43,1.6637967530000002e+44,2.6403901145047495e+43,4.995994673941625e+43,4.172340089,0.2353554270000004,0.3023060489999993,8.868952857999999e+43,1.4994925353504398e+42,1.6909551152777506e+42,2.4694513900000005e+44,6.75380803912022e+42,6.314334020441111e+42
63,1eRASS J051016.7-451911,117.0,77.57,-45.32,1280.0,0.21,101.0,4.886686,4.85,3.57,6.14,287.006,276.084,299.317,5.811923767,1.019394332,1.687434573,2.842082879e+44,9.707822392943752e+42,9.30188446119811e+42,8.80339429e+44,1.2441662411641539e+44,8.838934316154258e+43,6.900591665,0.216456977,0.2271632129999998,3.3578030519999997e+44,2.12604859545582e+42,2.2469680198528404e+42,1.112653166e+45,1.3366311149117393e+43,1.0248061988744452e+43
64,1eRASS J051438.0-490334,119.0,78.65,-49.09,974.0,0.11,87.0,3.5888658,2.71,1.99,3.6,43.733,41.698,45.576,4.046925373,1.0187138859999996,1.3597996510000003,3.80040098e+43,1.547371651541e+42,1.9611483494749802e+42,1.038598604e+44,1.3338523508711233e+43,1.5415683971767938e+43,63.99590953,11.348672229999998,-63.99590953,6.700992140000001e+43,-1.8721048576628002e+41,6.482520714515371e+42,3.25266414e+44,2.88814926756439e+42,2.194130605522339e+43
65,1eRASS J051606.7-485510,7310.0,79.03,-48.92,889.0,0.6,37.0,2.9743724,-1.0,3.41,-1.0,148.644,123.146,180.172,3.301651328,1.1556801450000005,3.2508741379999995,2.090635964e+44,3.2183690532185477e+43,3.3179244049125243e+43,5.1407231260000006e+44,1.1729321590224979e+44,1.1913657484609678e+44,2.592392401,0.9989467390000002,3.153954202,1.207345332e+44,6.661012403786939e+43,4.425194876376138e+43,2.8186189929999998e+44,2.0909072603709516e+44,7.298054105530334e+43
66,1eRASS J051636.6-543031,4.0,79.16,-54.5,1304.0,0.3,207.0,7.181398,8.07,5.81,10.37,433.182,417.986,451.639,6.596461366,1.5166357009999991,2.2174877960000003,4.036940501e+44,1.618210376832307e+43,1.698958490607602e+43,1.301359664e+45,1.6997109083078108e+44,1.0941613989437348e+44,9.129180781,0.2244307880000011,0.223892137,4.555234513000001e+44,2.6688434452934498e+42,3.4766062819325805e+42,1.633586761e+45,1.4291699368435459e+43,1.334547337684389e+43
67,1eRASS J052100.7-481647,4030.0,80.24,-48.27,745.0,0.31,46.0,3.4112942,1.34,1.09,3.68,29.203,22.004,37.546,1.718065004,0.4025913940000001,1.47381225,3.1127078609999997e+43,7.465079411715889e+42,1.0761794143682672e+43,6.076523694000001e+43,1.489985137607523e+43,2.5016612083262656e+43,3.386328215,1.442250583,3.991952857,1.943875088e+43,7.25781346716768e+42,5.2165370433556506e+42,5.008231685e+43,1.8709586837495253e+43,1.351161003436395e+43
68,1eRASS J052215.2-481813,629.0,80.56,-48.3,1129.0,0.3,85.0,4.732115,3.7,2.35,5.49,147.594,132.622,161.909,3.431018437,1.84225139,-3.431018437,3.7755573059999997e+43,3.7755573059999997e+43,6.26639723532134e+42,9.605375813e+43,9.605375806527715e+43,3.8519627086349377e+43,5.177178586,0.3427986230000002,0.3695156559999999,1.5622895709999999e+44,3.95477670748989e+42,4.0767243915620314e+42,4.700979945e+44,1.6857539779019009e+43,1.4172319650863939e+43
69,1eRASS J052214.0-362502,1861.0,80.56,-36.42,806.0,0.46,53.0,3.8652263,-1.0,2.13,-1.0,79.184,59.295,102.059,2.288424568,1.5941106752,5.056279152,7.641465875e+43,4.2679896949936656e+43,2.277841404493142e+43,1.637558694e+44,1.6034079840690698e+44,7.167718400605018e+43,4.950553769,0.4060584789999995,0.412856659,9.816366977e+43,4.295606806276471e+42,3.0608692601299497e+42,2.905089458e+44,1.1695282235341798e+43,1.086237132175634e+43
70,1eRASS J052548.5-471511,215.0,81.45,-47.25,1233.0,0.2,79.0,3.3408241,-1.0,6.47,-1.0,212.839,203.927,222.438,15.37580303,6.081693877999999,14.29395826,2.160347172e+44,8.798167819011059e+42,9.660754146230213e+42,8.618954045e+44,1.2871397032224203e+44,8.587155411613343e+43,8.838103651,0.4409659520000009,0.5791809569999984,2.595503133e+44,3.9099844510201506e+42,3.69939661754728e+42,9.232116377e+44,1.5507334307506889e+43,1.9811765041631391e+43
71,1eRASS J052852.7-392824,214.0,82.22,-39.46,1379.0,0.29,115.0,7.5837264,5.87,4.59,9.41,523.919,493.269,556.033,5.637436471,1.070983622,1.9505748,5.3285300909999995e+44,2.2147438650194508e+43,2.070426359260014e+43,1.6310388400000003e+45,2.836867954700136e+44,1.8542392624337525e+44,7.191406945,0.2666347939999998,0.2677531050000006,6.436781867e+44,7.160617886953892e+42,6.79073304657535e+42,2.156916127e+45,2.143821903066279e+43,2.784290730116727e+43
72,1eRASS J052945.2-314518,187.0,82.44,-31.77,1278.0,0.35,93.0,4.2913465,4.89,3.03,8.53,394.099,363.681,427.362,6.399854418,2.069396126,6.404261382,3.4931032869999997e+44,3.0548683231082454e+43,2.493848483463895e+43,1.112149605e+45,2.420796678879906e+44,1.5789859230686183e+44,5.953993015,0.3363258699999996,0.3379253369999997,4.2697901029999995e+44,6.287268534347831e+42,6.738277102884302e+42,1.346372495e+45,3.4052442345645925e+43,2.8722095418936465e+43
73,1eRASS J053255.6-370138,2.0,83.23,-37.03,1371.0,0.28,199.0,5.87942,5.95,4.53,9.43,515.155,490.005,542.639,7.719658492,2.134764769,3.757854638,4.940574351e+44,1.8504643971204531e+43,2.4016946944336054e+43,1.670526624e+45,3.0909829969852908e+44,1.3997880320256752e+44,7.679654218,0.2475504429999997,0.2488030430000005,5.759624750000001e+44,5.799484896313399e+42,5.30570391678058e+42,1.966196405e+45,1.9435266794392965e+43,2.247563137871779e+43
74,1eRASS J054249.8-410004,658.0,85.71,-41.0,1058.0,0.65,101.0,6.121897,-1.0,2.96,-1.0,368.026,312.339,437.21,2.696205552,0.7102166399999998,2.5661142580000003,4.112740480000001e+44,6.279876753709938e+43,5.540506406067341e+43,9.322795614999999e+44,1.4724589061778564e+44,1.2469076448511235e+44,7.682432702,0.8493847859999999,0.8685434740000009,2.3751905430000004e+44,7.23946162364524e+42,7.187498114400441e+42,8.109629430000001e+44,3.6777179677480713e+43,2.4305084675552396e+43
75,1eRASS J054738.4-315214,26.0,86.91,-31.87,1295.0,0.15,120.0,4.042724,4.26,3.24,5.89,234.916,224.245,247.552,4.212561152,0.8397819630000001,1.230606848,2.1613393189999997e+44,8.65177031154064e+42,8.386755661117131e+42,5.9932969470000006e+44,5.508794340002935e+43,5.284151952483577e+43,6.406993087,0.0926299899999998,0.092724349,2.7175656720000003e+44,1.2507642464247401e+42,1.06873288623712e+42,8.780022459e+44,6.05302898922643e+42,5.5291167495788904e+42
76,1eRASS J054843.5-215522,2191.0,87.22,-21.89,1015.0,0.11,21.0,3.909551,-1.0,2.74,-1.0,49.189,45.649,52.968,3.127741686,0.704737454,1.5876104100000004,5.085084126e+43,2.8707642351328497e+42,3.9008223247371496e+42,1.262389816e+44,1.5676805863980848e+43,1.7162246280119218e+43,3.564861955,0.073688701,0.0737678489999997,4.0462842870000003e+43,3.3090399258674007e+41,1.6372511845987998e+41,1.0621016590000002e+44,1.1196884986462702e+42,1.2749308035740001e+42
77,1eRASS J055942.9-524851,61.0,89.93,-52.82,984.0,0.61,142.0,5.1422925,-1.0,2.82,-1.0,242.124,186.806,316.942,2.877821432,0.7992504600000001,2.1412398,2.7410920480000005e+44,4.600697930719889e+43,3.8124764747270856e+43,6.374963845000001e+44,1.4854085759002275e+44,1.6318605624120484e+44,7.579891046,0.8611935480000001,0.9317555179999992,3.2063292790000003e+44,1.066404543185886e+43,1.1849642063965378e+43,1.0904593330000002e+45,5.859432145526152e+43,3.9426757996308374e+43
78,1eRASS J060554.1-351809,190.0,91.48,-35.3,1348.0,0.15,80.0,4.5185313,3.78,3.03,4.65,287.724,275.778,299.453,3.354424304,0.5184179930000004,0.906500996,2.774951578e+44,1.0242711872029882e+43,9.83729151691318e+42,7.0533738330000005e+44,5.544377715660896e+43,5.977827572948332e+43,5.254823458,0.0607489459999994,0.0609060189999999,3.470724036e+44,1.1573103142964599e+42,1.4061853945746098e+42,1.0501775370000002e+45,5.97921240933072e+42,6.82336012357266e+42
79,1eRASS J061632.0-394806,495.0,94.13,-39.77,1191.0,0.15,78.0,4.223441,3.64,2.42,5.94,130.379,119.893,139.658,3.964374875,1.0995465269999998,1.9973708430000008,1.0673762250000002e+44,9.012178097453399e+42,6.752732609129191e+42,2.8895679429999998e+44,5.805940616412769e+43,4.773921430582219e+43,5.503343218,0.2204556150000005,0.2031412319999992,1.7243754920000003e+44,1.7587769800913406e+42,1.4551504325313498e+42,5.306008712e+44,5.703879344690261e+42,8.0189266601938e+42
80,1eRASS J202210.0-632358,1252.0,305.54,-63.4,882.0,0.39,61.0,3.6691463,-1.0,1.39,-1.0,97.14,71.523,128.079,2.160327006,0.6691387580000001,2.0442436,1.2112788290000002e+44,2.654936428981466e+43,4.771212978940899e+43,2.5683012120000006e+44,7.751653808151413e+43,9.479985581488551e+43,4.825314041,0.5849501970000004,0.6706129819999997,1.210634953e+44,7.764153397149172e+42,5.68641306708032e+42,3.5499943280000004e+44,2.5493996375601606e+43,2.521807249350367e+43
81,1eRASS J202321.6-553524,45.0,305.84,-55.6,1300.0,0.22,133.0,6.405799,-1.0,2.3,-1.0,262.298,234.816,288.954,10.18073071,5.1529878710000006,26.52627761,2.710183859e+44,3.8123835299607575e+43,1.9147114918769852e+43,9.916677578e+44,3.539483675076135e+44,1.5129711659715475e+44,7.765144857,0.2407879959999999,0.2409469179999996,3.6720520059999995e+44,6.599176593433439e+42,6.933805644134811e+42,1.257131738e+45,2.3160723721160085e+43,2.463457899948413e+43
82,1eRASS J205555.4-545538,324.0,313.98,-54.93,1135.0,0.14,64.0,3.553733,3.9,2.96,8.9,99.585,89.768,110.708,4.337733651,1.1913750409999997,4.628222773,1.024115191e+44,1.3260798189014332e+43,8.963416332043241e+42,2.869605912e+44,1.0196700869228347e+44,6.349146643463584e+43,4.683049352,0.1605008630000002,0.1611048089999993,9.877811854e+43,7.644906751736799e+41,9.301767774866902e+41,2.866027406e+44,3.8727694962425213e+42,4.07048894582425e+42
83,1eRASS J212433.5-612500,319.0,321.16,-61.41,1073.0,0.44,92.0,4.4772434,-1.0,2.54,-1.0,233.108,189.812,281.046,63.98620791,57.174148607,-63.98620791,1.3103268109999999e+44,1.3103268109999999e+44,3.4878534445171228e+44,6.3035306490000006e+44,6.3035306490000006e+44,1.952915589489165e+45,4.242735014,0.3804757469999997,0.4424535890000003,1.6089747689999999e+44,5.161955183135231e+42,6.511007453714091e+42,4.509563719e+44,2.1331235987565598e+43,2.097776793177588e+43
84,1eRASS J213056.7-645842,436.0,322.73,-64.98,1079.0,0.31,83.0,4.4405165,-1.0,5.38,-1.0,146.856,123.351,170.238,2.514400544,0.781404751,2.0059006020000005,2.0679214600000003e+44,3.271018779355835e+43,4.0749413815927687e+43,4.6590465680000005e+44,7.7973640492181055e+43,1.1940687178611806e+44,3.943476575,0.2955199560000001,0.3028517080000004,2.0466390300000003e+44,8.29534224427906e+42,6.162041689542689e+42,5.5755441780000004e+44,2.120444649355007e+43,2.565495044883693e+43
85,1eRASS J213400.4-423849,21.0,323.5,-42.65,1211.0,0.2,144.0,4.423391,3.05,1.79,6.43,146.648,126.096,173.536,63.76805744,55.360891827,-63.76805744,9.573208476999999e+43,9.573208476999999e+43,1.3678551699645307e+44,4.626509808e+44,4.626509808e+44,6.908608087419384e+44,4.45966041,0.236120413,0.315021303,1.1307083e+44,2.3934629605556406e+42,2.2739381940828202e+42,3.2263257730000004e+44,9.303576957284732e+42,7.70420075266224e+42
86,1eRASS J213441.2-490719,2360.0,323.68,-49.12,829.0,0.57,51.0,4.8275223,-1.0,1.63,-1.0,164.44,99.096,279.887,63.95382196,61.753061662,-63.95382196,8.415030387999999e+43,8.415030387999999e+43,3.8067699276969535e+44,4.038171746e+44,4.038171746e+44,2.2660694152624862e+45,3.994603237,0.6609857640000003,0.7830508479999998,1.803801593e+44,2.0975960248205819e+43,2.2091179768779588e+43,4.938458865000001e+44,6.34192512064689e+43,4.971230709148767e+43
87,1eRASS J213536.8-572622,50.0,323.91,-57.44,1021.0,0.42,131.0,6.26982,3.83,1.76,8.05,190.371,151.728,238.35,8.64245327,6.616582607000001,-8.64245327,1.781422491e+44,1.781422491e+44,3.0060959829989324e+43,6.210849117000001e+44,6.210849116363482e+44,1.5973387156316846e+44,6.13985802,1.31781388,1.6013872930000002,2.8513044170000005e+44,1.656109239293131e+43,2.4565302803301593e+43,9.081448094000002e+44,8.983857674933838e+43,8.116116643944405e+43
88,1eRASS J213800.9-600758,10.0,324.5,-60.13,1320.0,0.32,152.0,4.635746,-1.0,2.78,-1.0,377.77,335.194,416.41,8.962232772,5.4758388710000006,-8.962232772,2.4004644750000005e+44,2.4004644750000005e+44,2.7797421503730755e+43,8.469475478e+44,8.46947547637027e+44,2.286255545164241e+44,8.682379741,0.4329747170000004,0.8021055839999995,2.3205503230000003e+44,5.4078944712370004e+42,5.181361312780061e+42,8.223845028e+44,1.943771373696619e+43,1.8004820332529688e+43
89,1eRASS J214359.4-563717,36627.0,326.0,-56.62,1142.0,0.11,21.0,2.7006896,3.11,2.24,4.33,88.42,83.458,93.739,2.113913586,0.2834851369999998,0.6138428010000001,7.387326390999999e+43,4.2097184854657906e+42,5.511403194414221e+42,1.5903580120000002e+44,1.2698119251763658e+43,2.0930446605772128e+43,,,,,,,,,
90,1eRASS J214553.0-564448,113.0,326.47,-56.75,1136.0,0.48,123.0,5.2248273,-1.0,3.42,-1.0,346.917,290.447,412.982,4.819008213,2.476740298,16.129833807,3.742958661e+44,3.742958661e+44,6.638389595667788e+43,1.0702649999999999e+45,1.0702649999404557e+45,2.7625510420553333e+44,7.575173372,0.6648703679999999,0.6741932829999993,3.576103572000001e+44,9.415603320674399e+42,1.194894762243939e+43,1.2159849570000002e+45,3.862499498185057e+43,3.3574082012557295e+43
91,1eRASS J215826.3-602359,643.0,329.61,-60.43,974.0,0.1,88.0,4.772801,-1.0,2.84,-1.0,40.059,35.332,45.313,11.39487975,5.798891296,-11.39487975,3.8028293369999996e+43,3.8028293369999996e+43,5.545759714949421e+42,1.435386521e+44,1.435386513925192e+44,6.144982682381193e+43,3.820981488,0.1173407070000003,0.117599293,6.425385376000001e+43,5.499726809867999e+41,6.529420268338899e+41,1.7297361860000002e+44,2.4885362862700497e+42,2.6341027150510304e+42
92,1eRASS J215958.6-624321,64.0,329.99,-62.75,816.0,0.39,117.0,4.1146255,-1.0,1.89,-1.0,64.412,40.651,112.201,63.45135541,59.251542188,-63.45135541,7.177452895999999e+43,7.177452896000001e+43,2.2063043929773927e+44,3.4534443490000004e+44,3.4534443490000004e+44,1.099662310375974e+45,3.072662488,0.304019786,0.3134619499999997,9.373668145000002e+43,4.915016363692451e+42,4.40438561325643e+42,2.327270934e+44,1.6968131036274202e+43,1.160232066880105e+43
93,1eRASS J220112.5-614737,6889.0,330.3,-61.79,1016.0,0.23,33.0,2.729365,2.02,1.39,4.28,89.381,73.756,105.627,1.688268592,0.286665323,0.5849932689999999,9.96573862e+43,1.298063824101357e+43,1.7107249367850598e+43,1.942981572e+44,3.540138652037686e+43,4.2210533066185726e+43,2.314700878,0.1628949579999998,0.200734004,7.155243530999999e+43,2.4731475304684306e+42,2.7622882873127602e+42,1.6037778509999999e+44,1.0395469977004432e+43,7.562222489279321e+42
94,1eRASS J220211.0-593608,2932.0,330.55,-59.6,936.0,0.43,48.0,3.5043547,-1.0,5.2,-1.0,113.637,79.056,165.851,2.416360598,2.416360598,-2.416360598,6.323873008e+43,6.323873008e+43,3.3638939113902423e+43,1.389833073e+44,1.389833072661137e+44,1.1348966248536496e+44,2.713670351,0.5937093280000001,1.1177375109999996,3.788875908e+43,5.97356274384097e+42,7.021793711543711e+42,8.996559897999999e+43,1.8691132025863131e+43,1.5414101187417819e+43
95,1eRASS J222417.9-551456,3337.0,336.1,-55.26,997.0,0.11,52.0,3.4918437,-1.0,3.76,-1.0,44.047,40.008,48.504,2.713486343,0.663084134,1.91298553,4.088120804000001e+43,2.5457964161789807e+42,4.2438782873754904e+42,9.631295941999999e+43,1.2730008118523832e+43,1.8690869475005288e+43,3.350975671,0.1206851019999999,0.1310080079999998,5.520414086e+43,7.034785114265101e+41,7.839603570682701e+41,1.4164255310000002e+44,2.9713098320608e+42,3.0346334961098904e+42
96,1eRASS J224623.3-524409,109.0,341.56,-52.72,1245.0,0.11,103.0,3.797983,4.17,3.31,6.46,160.882,152.714,167.826,4.406306106,0.8743023269999997,1.918461014,1.4341349960000003e+44,7.357366019257201e+42,4.7004334819177003e+42,4.050350187000001e+44,5.885351851641746e+43,4.2811962460930583e+43,4.503179503,0.0755144110000003,0.0754831710000001,1.910586094e+44,8.192932462924299e+41,8.534824476099901e+41,5.469040991000001e+44,3.3127852079372505e+42,4.0899643831693906e+42
97,1eRASS J224956.5-642532,527.0,342.49,-64.43,1232.0,0.11,79.0,5.0586777,6.11,3.9,8.11,132.613,126.364,139.677,3.244340076,0.5912961569999999,1.121146021,1.5107473800000002e+44,6.669174861705801e+42,5.806912618493721e+42,3.804391547e+44,3.8230708172472433e+43,3.9467598445588873e+43,4.95081202,0.0522752429999995,0.0522816960000005,2.2976379960000005e+44,7.642520460671099e+41,6.7923821050591016e+41,6.800074088e+44,3.3415981053850904e+42,2.7937692898262805e+42
98,1eRASS J224845.3-443141,15.0,342.24,-44.5,1542.0,0.35,161.0,6.596745,-1.0,5.77,-1.0,1450.813,1380.669,1533.87,10.20352957,2.864029639000001,5.340499489999999,1.361016103e+45,6.746909946154355e+43,5.407172732344541e+43,4.9647060850000005e+45,7.0841646554642375e+44,4.083537709422059e+44,9.973699173,0.6314740019999991,0.6281596969999992,2.697539949e+44,3.88110623077422e+42,4.078545117155841e+42,9.892734724e+44,1.4230713645850042e+43,1.7045335848700798e+43
99,1eRASS J231653.2-545357,1007.0,349.22,-54.9,930.0,0.37,71.0,4.858876,-1.0,2.37,-1.0,102.995,81.494,127.008,1.614188842,0.8822212106999999,-1.614188842,3.898266675000001e+43,3.898266675000001e+43,3.0158043068552817e+43,7.343673359e+43,7.3436727274455e+43,9.217272426314005e+43,63.88774464,24.935139210000003,-63.88774464,2.998930464e+43,2.998930464e+43,2.9098918799508003e+43,1.455461211e+44,1.455461190537131e+44,1.020742507307154e+44
100,1eRASS J231722.5-535748,1311.0,349.34,-53.96,848.0,0.39,53.0,2.8374088,-1.0,2.08,-1.0,71.848,52.505,92.815,2.181886846,0.5464509909999997,2.921387488,9.103676181000002e+43,4.691355945424697e+43,2.5632778696111854e+43,1.9365622660000003e+44,1.887437157987116e+44,9.459422339090511e+43,3.794022192,0.3983301379999999,0.4248179849999998,9.140103594999999e+43,8.63696654646379e+42,8.596841570426949e+42,2.454038556e+44,2.922733966277083e+43,2.4066970518391193e+43
101,1eRASS J232138.0-415349,1855.0,350.41,-41.9,1150.0,0.11,55.0,3.1129391,1.73,1.58,2.08,94.892,90.108,99.485,1.895008905,0.207675786,0.2239490989999999,9.918228112e+43,4.479686238843391e+42,5.053576284953161e+42,2.0441015750000004e+44,1.184997516552806e+43,1.7865584421327582e+43,3.14641819,0.0880858120000001,0.0883774490000002,1.2360715130000002e+44,1.1896558766822401e+42,1.0609524806334702e+42,3.095441563e+44,4.6710990807009105e+42,5.089111258072531e+42
102,1eRASS J233000.7-543701,22347.0,352.5,-54.62,770.0,0.17,22.0,2.7109697,-1.0,5.34,-1.0,22.833,17.95,27.796,5.476620892,3.710737778,-5.476620892,9.256015198e+42,9.256015198e+42,1.04011219471592e+42,2.8194000670000003e+43,2.8193991311343473e+43,1.9022023510195721e+43,2.607323058,0.2333353609999999,0.3390518440000001,2.4447745179999997e+43,9.7069186520574e+41,8.106993391968201e+41,5.719138095000001e+43,2.9404622617510205e+42,2.6884158673000505e+42
103,1eRASS J233226.7-535814,370.0,353.11,-53.97,1305.0,0.42,85.0,3.6650655,1.66,1.42,3.38,465.647,409.837,530.103,2.094587832,0.4252424600000002,0.8337845259999996,4.2679951269999995e+44,4.4451454041286006e+43,6.7155919206969085e+43,8.919189405e+44,1.1387079376043218e+44,1.3642546809066599e+44,7.155416275,0.3926502620000001,0.4058142879999993,4.640151872e+44,8.252131247516331e+42,8.708656212485571e+42,1.5527441740000003e+45,3.6362456314620216e+43,3.5058512962969137e+43
104,1eRASS J004059.2-444515,11383.0,10.25,-44.76,685.0,0.21,34.0,4.4270267,-1.0,0.52,-1.0,18.087,10.624,25.718,0.008,0.008,0.04245996758,2.2458989960000003e+35,2.2458989960000003e+35,5.583845108292482e+36,2.9328690320000004e+54,2.9328690320000004e+54,8.979079819924759e+55,4.186690315,0.510518062,0.458156744,2.933862059e+43,1.2365412592153001e+42,1.0068805446884902e+42,8.171503403e+43,5.0014514789278496e+42,4.2919920106303705e+42
105,1eRASS J020308.4-201708,36.0,30.79,-20.29,1103.0,0.44,126.0,3.9437068,-1.0,12.0,-1.0,237.423,203.767,272.146,63.98089853,50.68131583,-63.98089853,2.459017924e+44,2.459017924e+44,3.221658916246884e+44,1.182693549e+45,1.182693549e+45,1.3217569760618995e+45,6.652071386,0.4171429800000004,0.5993960739999995,3.045465098e+44,5.234125834867181e+42,6.255424790814641e+42,9.967633009e+44,3.176694337597586e+43,2.3180133459997733e+43
106,1eRASS J033645.6-314339,75.0,54.19,-31.74,929.0,0.42,118.0,4.5612416,5.34,1.95,12.1,115.305,96.47,139.439,6.833567811,4.644561059,-6.833567811,8.094565383e+43,8.094565382999999e+43,9.42911153490138e+42,2.6314705980000003e+44,2.631470463034182e+44,5.531427006683706e+43,5.082440491,0.3815864289999995,0.422928937,1.196560593e+44,3.0341774351265396e+42,3.6990002889938796e+42,3.5757252289999995e+44,1.314169063038489e+43,1.0934540963547042e+43
107,1eRASS J034350.6-552902,14164.0,55.95,-55.48,636.0,0.12,26.0,2.3519344,-1.0,1.23,-1.0,6.64,4.759,9.071,1.584303799,0.32201722,-1.584303799,2.9865529129999996e+42,8.1555006420244e+41,9.813391921913102e+41,5.715686095000001e+42,1.4917218574118698e+42,2.99538835608882e+42,1.059142505,0.2384296427000001,0.1923416069999999,1.6300332410000002e+37,1.6300332410000002e+37,7.439498435942141e+44,2.731263677e+37,2.731263677e+37,1.0700928721919084e+45
108,1eRASS J011527.9-413401,12995.0,18.87,-41.57,812.0,0.13,23.0,2.0205083,-1.0,2.84,-1.0,19.604,16.948,23.333,3.161579625,1.2877047499999998,13.344398985,1.9052993800000003e+43,7.157112137614661e+42,3.2072382454203397e+42,4.741323493e+43,1.235396460296124e+43,1.1083181822696899e+43,2.083840268,0.1814557159999998,0.3513480449999999,1.7411307640000002e+43,8.507644925643899e+41,1.2048304618246999e+42,3.7611264420000007e+43,2.5589816160287498e+42,3.0345602495624096e+42
109,1eRASS J063846.8-535831,230.0,99.69,-53.97,1401.0,0.25,96.0,6.164455,7.24,6.47,10.49,566.034,544.923,583.85,10.39596114,2.4925592640000005,5.960372209999999,5.430283489e+44,1.472186395467515e+43,1.7525240907987245e+43,1.998995562e+45,1.0897269347820188e+44,8.759793073510632e+43,10.34124914,0.1652059100000009,0.1647734799999991,6.8585815320000005e+44,2.4748028326908505e+42,3.42334179982189e+42,2.5395827740000003e+45,1.3338194150754732e+43,1.230744612951044e+43
110,1eRASS J030458.8-313930,11900.0,46.24,-31.66,500.0,0.62,34.0,2.9080396,-1.0,-1.0,-1.0,-1.0,-1.0,94.907,,,,,,,,,,3.204788015,1.111863698,2.516740584,4.31291787e+43,7.533308881152801e+42,9.446308046197892e+42,1.087574631e+44,2.603364784760305e+43,1.560159597226801e+43
111,1eRASS J031705.2-593719,2668.0,49.27,-59.63,500.0,0.26,51.0,5.0262237,-1.0,-1.0,-1.0,-1.0,-1.0,46.001,,,,,,,,,,5.377876411,1.0875378859999998,1.867998868,1.5842690200000005e+43,2.2882448819621105e+42,2.2491858699185105e+42,4.836674766000001e+43,6.55128372400656e+42,8.598942821002611e+42
112,1eRASS J203826.6-561509,595.0,309.61,-56.26,500.0,0.37,67.0,3.6791718,-1.0,-1.0,-1.0,-1.0,-1.0,51.075,,,,,,,,,,5.844933605,1.1622984319999992,1.625928480000001,3.240127810000001e+43,2.0008540908263202e+42,1.5038183837896602e+42,1.015719374e+44,1.199942726089782e+43,7.119526699650082e+42
