,B24_NAME,RM_ID,P26_RA,P26_DEC,B24_R500,z,LAMBDA_CHISQ,LAMBDA_CHISQ_ERR,B24_KT,B24_KT_L,B24_KT_H,B24_L500_0520,B24_L500_L_0520,B24_L500_H_0520,P26_T_ero,P26_T_ero_lo_err,P26_T_ero_hi_err,P26_L_0.5-2_ero,P26_L_0.5-2_ero_lo_err,P26_L_0.5-2_ero_hi_err,P26_L_0.1-10_ero,P26_L_0.1-10_ero_lo_err,P26_L_0.1-10_ero_hi_err,P26_T_xmm,P26_T_xmm_lo_err,P26_T_xmm_hi_err,P26_L_0.5-2_xmm,P26_L_0.5-2_xmm_lo_err,P26_L_0.5-2_xmm_hi_err,P26_L_0.1-10_xmm,P26_L_0.1-10_xmm_lo_err,P26_L_0.1-10_xmm_hi_err
0,1eRASS J000559.2-344311,98.0,1.5,-34.73,1213.0,0.12,103.0,4.453872,-1.0,2.63,-1.0,123.663,114.215,133.047,7.418820501,2.88672854,9.508078399000002,1.1868925850000002e+44,8.511214111650909e+42,8.901295829525679e+42,4.019552507000001e+44,1.3511245493599392e+44,6.390252247269688e+43,7.05636955,0.1936089020000002,0.1930235699999993,1.614738082e+44,1.33078252748387e+42,1.7468881837844198e+42,5.4189368819999995e+44,6.609810662550921e+42,4.7458652345848096e+42
1,1eRASS J001318.5-490651,403.0,3.34,-49.13,1247.0,0.42,91.0,5.2101593,2.26,1.78,3.56,380.21,330.394,432.564,2.105900442,0.3310141559999997,0.688119242,4.690038519e+44,4.4577793979747237e+43,3.5447821695711105e+43,9.658229338e+44,1.2669910052630478e+44,1.5187038039648444e+44,8.50734028,1.594289376999999,2.179230780000001,4.389455006000001e+44,2.480307575817257e+43,2.319155985578284e+43,1.556772312e+45,1.1906628282645052e+44,1.0246651499007783e+44
2,1eRASS J004049.8-440743,19.0,10.21,-44.13,1250.0,0.36,143.0,3.7483463,6.02,3.14,13.58,316.747,283.674,358.648,56.25231156,49.671108308,-56.25231156,2.598053724e+44,2.598053724e+44,1.6956614630269183e+44,1.2405273439999998e+45,1.2405273439913635e+45,8.697011785447628e+44,7.532617832,0.2421647629999999,0.2424783140000004,1.889337878e+44,1.0342952845137092e+43,9.175167726170872e+42,6.4566820820000004e+44,4.4452754363062114e+43,2.885346627000423e+43
3,1eRASS J004104.1-442841,41.0,10.25,-44.49,1204.0,0.35,126.0,5.0090547,-1.0,2.92,-1.0,258.684,216.373,310.532,2.026782016,0.4412872339999998,0.9420334920000002,2.1031531850000003e+44,2.70224215050396e+43,4.695116447661586e+43,4.276220918e+44,7.140456415441611e+43,9.772780396939152e+43,4.465714263,0.1654325939999994,0.1632006810000001,3.1470790750000006e+44,4.240348564410832e+42,4.56485352767377e+42,9.016087269e+44,1.6353311336977802e+43,1.3872923240742372e+43
4,1eRASS J004207.0-283154,252.0,10.54,-28.54,1258.0,0.11,74.0,2.985724,3.89,3.03,6.08,166.982,159.373,174.866,3.867661149,0.691007124,0.8683990650000002,1.6583349400000003e+44,6.063389188916031e+42,4.3041749689220897e+42,4.46050535e+44,3.8516234138338076e+43,3.995972159114085e+43,4.477060355,0.064408201,0.0643840359999998,2.2413334180000003e+44,1.11016096235575e+42,1.1820574446732301e+42,6.42690676e+44,3.57335886152289e+42,4.9688215301075996e+42
5,1eRASS J004922.3-293108,428.0,12.35,-29.52,1078.0,0.11,61.0,2.851985,-1.0,3.23,-1.0,69.253,64.307,74.316,5.198716629,1.5269930099999995,3.2507401,7.307183805000001e+43,4.7135638109323604e+42,3.599205284675531e+42,2.199823508e+44,3.9271601707882936e+43,3.0286845109037924e+43,4.388649525,0.1618749580000003,0.1381972290000002,9.541343957e+43,9.936256343437699e+41,1.09464591734853e+42,2.7171685710000004e+44,4.0777802319712404e+42,4.3818826608053504e+42
6,1eRASS J010029.8-474920,3927.0,15.13,-47.82,860.0,0.42,42.0,2.9322848,-1.0,2.17,-1.0,95.73,69.899,126.966,24.00853966,22.694308168,-24.00853966,4.233751216000001e+43,4.233751216000001e+43,6.688558919765868e+43,1.8207754020000003e+44,1.8207754020000003e+44,3.935049762233896e+44,2.1643109,0.0903524959999999,0.1091440980000002,6.502614847000001e+43,3.934553490395161e+42,3.7688586655870906e+42,1.4092678550000002e+44,9.3918777607588e+42,8.577191486301911e+42
7,1eRASS J011444.3-412337,1057.0,18.68,-41.4,1235.0,0.38,75.0,4.360306,2.07,1.65,4.06,333.789,288.974,384.149,0.5260468018,0.1205340168999999,0.1523446344,2.22476094e+44,5.3530247855846e+43,2.7869681939595186e+43,3.081043291e+44,5.89234980614517e+43,2.892096050607559e+43,6.080249566,0.3393224129999996,0.3424978550000004,3.4526803180000004e+44,6.320774179325371e+42,7.963797759280759e+42,1.10275096e+45,3.0186732053862456e+43,1.9931465113887641e+43
8,1eRASS J011811.2-265805,222.0,19.55,-26.97,1290.0,0.23,102.0,6.119663,3.76,2.89,9.74,251.165,232.84,271.625,5.440935353,1.3791984940000006,2.450957571,2.8936489629999997e+44,1.63538131801419e+43,1.0998177117467512e+43,8.832415785999999e+44,1.3282827074285627e+44,1.0448163616522324e+44,6.226660716,0.1799492489999998,0.1800686680000005,3.608591785000001e+44,3.9692668368460803e+42,2.87251287609945e+42,1.161095359e+45,1.1908795938886239e+43,1.5996006908617221e+43
9,1eRASS J013341.2-643405,223.0,23.37,-64.57,1253.0,0.32,111.0,6.9014244,7.04,3.92,19.91,282.965,260.359,310.771,7.210035168,2.5304340520000004,8.409385671999999,3.2579375030000003e+44,3.3105903511795496e+43,1.8562548518268938e+43,1.085849238e+45,3.3038619634310928e+44,1.5936336131685943e+44,6.067941489,0.4114199489999999,0.4135046019999997,3.749672027e+44,9.63483035956626e+42,1.0675138972528932e+43,1.196891922e+45,3.426602225593768e+43,4.0896212183491157e+43
10,1eRASS J014005.5-341036,1562.0,25.03,-34.18,1311.0,0.4,57.0,3.1677842,-1.0,7.36,-1.0,462.355,426.232,499.445,5.468441602,1.7979998650000004,4.361643141,4.939221817000001e+44,4.928901088824167e+43,5.020736418011018e+43,1.4996415130000003e+45,4.8184030030199705e+44,2.5615029261839736e+44,6.165818457,0.3670650750000002,0.3678658269999992,5.356378108000001e+44,1.075290204319488e+43,1.3533870442490591e+43,1.7188279200000002e+45,5.05702731590363e+43,3.1786362212590307e+43
11,1eRASS J014456.1-530105,458.0,26.25,-53.02,1203.0,0.12,75.0,4.321021,4.94,3.83,9.01,149.468,142.462,156.426,4.055474981,0.9998293289999998,1.1160233690000003,1.436248445e+44,6.42985755083194e+42,4.926900777847672e+42,3.937156276e+44,4.3633178193250816e+43,4.270034645567105e+43,6.692508815,0.0876847009999997,0.0876530019999997,1.8851971690000004e+44,1.3648259090713899e+42,1.6157288220500206e+42,6.2240613500000004e+44,5.3355235029248596e+42,4.0793076255740313e+42
12,1eRASS J014041.8-543206,552.0,25.15,-54.51,844.0,0.1,58.0,2.9457066,-1.0,1.26,-1.0,20.706,18.071,23.565,1.310060307,0.2743938400000001,0.5858112209999999,5.237123730000001e+42,1.7372883786917898e+42,1.2265013580866099e+42,8.906950385000001e+42,2.36270852924074e+42,3.03698621729225e+42,3.372308889,0.12307368,0.1333959519999998,2.025910575e+43,2.4123442818934e+41,3.0465459946743e+41,5.209076963999999e+43,1.16155632350718e+42,1.2055959917254102e+42
13,1eRASS J015900.6-341307,76.0,29.77,-34.22,1328.0,0.4,138.0,4.823525,3.16,2.38,7.35,509.68,457.445,562.871,4.729883182,1.597816281,3.178455979,4.969240718000001e+44,3.634679451413639e+43,3.89623176460748e+43,1.425204087e+45,2.731748704874357e+44,2.0442166195918142e+44,7.52616718,0.170627885,0.1706858750000002,6.0476025939999995e+44,4.8907705595810596e+42,3.01098974543429e+42,2.0661290650000003e+45,1.8016678772285018e+43,1.3932229976049293e+43
14,1eRASS J021124.5-401725,3578.0,32.88,-40.3,939.0,0.12,27.0,1.9131109,-1.0,1.83,-1.0,34.714,31.92,37.627,2.443836631,0.5193385499999998,1.120515738,3.6470407859999997e+43,2.4712895532556098e+42,3.23480082614877e+42,8.184866577e+43,8.475660350538581e+42,1.3528637374185271e+43,2.259272848,0.042609472,0.042511363,5.050961404e+43,4.984414068406201e+41,5.0492495125417e+41,1.111176046e+44,1.17036266212049e+42,1.5180387058921698e+42
15,1eRASS J021714.8-524500,73.0,34.31,-52.76,1085.0,0.34,130.0,5.569202,-1.0,3.02,-1.0,151.271,125.394,179.162,1.916899595,0.432981561,1.054754787,1.288466052e+44,2.1250059786504898e+43,3.609146605628599e+43,2.563676679e+44,6.17034910892218e+43,7.873216333036176e+43,6.728069887,0.6564856140000002,1.0260377959999998,1.6029202920000002e+44,5.84673698466461e+42,5.98508363117343e+42,5.3020546939999995e+44,2.4562627325077564e+43,2.3294813447742944e+43
16,1eRASS J022553.0-415457,130.0,36.49,-41.88,1406.0,0.23,105.0,4.5064163,3.47,2.6,5.42,336.158,305.674,552.858,4.692174778,1.594089929,3.939810516,1.0210225690000002e+44,1.0896791852984632e+43,7.75932322735374e+42,2.942961065e+44,8.448658116805828e+43,5.981071476152211e+43,5.424621986,0.056497975,0.0937517169999999,4.072191436e+44,1.3081248773556701e+42,1.6828636614947002e+42,1.2536020690000003e+45,6.21568004070823e+42,6.02668238198143e+42
17,1eRASS J022729.3-405059,7901.0,36.87,-40.85,783.0,0.42,37.0,2.7849593,-1.0,2.3,-1.0,59.926,48.035,76.162,4.041712255,2.083770703,44.621315335,7.107380801e+43,6.713661814328212e+43,1.3909772647617382e+43,1.9143239130000003e+44,1.1381844936511458e+44,5.47153125466021e+43,3.244912128,0.451437158,0.681606076,4.934715201000001e+43,4.32092795195669e+42,4.075100732896551e+42,1.2486419609999999e+44,1.4299598345365521e+43,8.262870144440731e+42
18,1eRASS J022920.7-333210,1489.0,37.34,-33.53,950.0,0.1,45.0,2.6929505,1.55,1.42,2.21,34.188,31.638,36.777,3.2123779,0.6619761479999999,1.0866869350000004,3.3509940249999996e+43,2.1490187736404705e+42,2.5030433645102606e+42,8.378848505000001e+43,1.35243722564799e+43,9.028898096889939e+42,3.587557461,0.1656423179999997,0.1752920070000003,5.306868485000001e+43,1.0926349338404802e+42,1.0118826749014502e+42,1.3968299070000002e+44,3.53829169512071e+42,4.0385307652198995e+42
19,1eRASS J023032.4-602752,13148.0,37.64,-60.46,838.0,0.67,38.0,3.491371,-1.0,5.12,-1.0,222.555,174.803,287.94,2.529071778,0.8468747080000001,4.551703096000001,3.2069307850000004e+44,4.742691779202842e+43,7.024537303770819e+43,7.004341723e+44,1.338970327335043e+44,1.8286063785075637e+44,4.206986058,0.2519976480000001,0.374711832,2.860117499e+44,1.05844306674969e+43,9.39092125301914e+42,8.013281558e+44,3.2462986875310405e+43,2.1783338443537544e+43
20,1eRASS J023218.3-442048,234.0,38.0,-44.38,1429.0,0.28,117.0,6.6067247,-1.0,6.35,-1.0,689.466,654.639,726.127,5.467833383,1.000811896,1.5759615469999997,7.608622226e+44,2.7093576141554637e+43,1.9839703750000288e+43,2.319003548e+45,1.9460391016573308e+44,1.75063219792475e+44,6.200408535,0.0711393259999999,0.0712317719999999,8.734391158e+44,6.379245071550311e+42,6.632279052834491e+42,2.807767602e+45,1.718640049108774e+43,2.1574611189294241e+43
21,1eRASS J023259.7-581948,973.0,38.25,-58.33,1011.0,0.68,85.0,5.1273727,-1.0,3.26,-1.0,348.514,294.67,419.728,63.90346706,55.129543261,-63.90346706,1.7730074260000002e+44,1.7730074260000004e+44,3.6799792741182996e+44,8.498381906e+44,8.498381906e+44,1.7474403713308024e+45,5.574591694,0.3710912130000006,0.39546218,2.553868814e+44,3.5874626097280805e+42,7.219730631726909e+42,7.933503128e+44,2.637509291866065e+43,2.0891155430972516e+43
22,1eRASS J023419.1-095138,2271.0,38.58,-9.87,844.0,0.61,57.0,3.4906394,0.86,0.56,1.2,210.34,149.137,291.702,0.865911023,0.1078568229999999,0.1604949799999999,1.9432263119999998e+44,5.916045001606454e+43,4.579766071095722e+43,2.630748977e+44,9.134540769323608e+43,7.393694022277283e+43,3.213966591,1.403082284,4.908516105,3.1348416450000003e+44,1.4014319315544338e+44,6.514282858136209e+43,7.903453447999999e+44,3.8225730242470035e+44,2.007131776852865e+44
23,1eRASS J023442.4-583123,115.0,38.71,-58.51,1256.0,0.4,110.0,4.013619,-1.0,11.54,-1.0,424.992,395.701,457.765,11.08621165,4.666490415999999,27.23416078,4.674537458e+44,7.078232454566354e+43,3.654367801477088e+43,1.7487841990000003e+45,1.7487841988949063e+45,3.836891929563716e+44,5.419842271,0.1725834889999999,0.2458287719999994,6.1199868870000005e+44,8.733440030789079e+42,1.034624120014494e+43,1.8846775680000003e+45,4.2285020799088316e+43,2.4029563099522877e+43
24,1eRASS J023555.8-365640,38188.0,38.98,-36.94,714.0,0.32,21.0,2.4869006,-1.0,1.97,-1.0,31.495,22.804,41.079,11.08161315,8.665536811,-11.08161315,2.9593454449999997e+43,2.9593454449999997e+43,1.3467824381302353e+43,1.109441101e+44,1.1094411009925935e+44,8.795534664396057e+43,2.055472445,0.5057602369999998,1.103140758,3.782012868e+43,4.2407510515206704e+42,8.336282992856221e+42,8.019487311999999e+43,1.318054509537126e+43,1.6938248172270052e+43
25,1eRASS J024037.4-594604,348.0,40.16,-59.76,1128.0,0.4,80.0,3.7144537,-1.0,14.29,-1.0,205.277,182.295,226.915,63.98149204,40.53735599,-63.98149204,1.9725320349999998e+44,1.9725320349999998e+44,2.0955324633749966e+44,9.505692984e+44,9.505692984e+44,1.0030857970129783e+45,7.303089272,0.6679033959999998,0.5768550659999994,2.7508415339999998e+44,6.492585735089381e+42,8.54637678162397e+42,9.318364254e+44,2.986591605687747e+43,2.8359162231761238e+43
26,1eRASS J024122.2-283914,104.0,40.35,-28.65,1269.0,0.24,111.0,5.2532487,-1.0,2.57,-1.0,222.37,201.805,248.793,2.831754167,0.6251960270000003,1.015951899,1.8207832450000003e+44,9.971284725080562e+42,1.2419674255454912e+43,4.295591290000001e+44,5.912277201291722e+43,6.491167062241938e+43,6.070788883,0.2419503909999996,0.2422449430000002,2.6228488620000003e+44,3.26387164729376e+42,3.3833690056047704e+42,8.363049086000001e+44,1.3502291800011561e+43,1.5230605935972048e+43
27,1eRASS J024235.9-213225,4588.0,40.7,-21.57,1462.0,0.32,56.0,5.960147,6.5,4.44,7.87,616.444,566.308,687.631,4.527308809,0.768421172,1.274493036,7.412012858e+44,3.0646037577677227e+43,4.292574718746804e+43,2.0989520780000003e+45,2.7877637526877418e+44,2.155631417742716e+44,4.600660095,0.0403526330000003,0.0404560199999997,9.348710670000001e+44,2.10638237985798e+42,3.2486072635284504e+42,2.706258281e+45,1.1354417170875778e+43,1.2244819675208678e+43
28,1eRASS J024339.2-483339,37.0,40.91,-48.56,1248.0,0.5,139.0,4.2429137,-1.0,5.32,-1.0,521.38,469.682,587.74,18.7825382,12.172023031000002,-18.7825382,5.6527668330000005e+44,5.652766833e+44,6.002887506797333e+43,2.332870602e+45,2.332870601790048e+45,3.234319350176849e+44,6.068395064,0.2246628709999996,0.2261685980000001,6.574686617e+44,1.1118972594121219e+43,7.017488801696791e+42,2.098485905e+45,3.9424969732697426e+43,5.140721426500311e+43
29,1eRASS J024409.0-261049,871.0,41.09,-26.24,1047.0,0.15,66.0,3.4275289,-1.0,2.58,-1.0,61.581,56.312,66.423,2.100055376,0.3363599509999997,0.6036237620000002,3.748454297e+43,2.91239835430387e+42,4.5661879342003504e+42,7.893199755999999e+43,1.0304393501438762e+43,1.0639040269811752e+43,3.348356089,0.0621122520000003,0.0621686229999998,5.693270516e+43,3.247678843467901e+41,4.372364765047601e+41,1.4590363500000003e+44,1.76741022108939e+42,1.6196067199757798e+42
30,1eRASS J024530.5-530211,8.0,41.35,-53.03,1334.0,0.3,151.0,4.1413856,7.76,5.39,16.81,434.63,408.829,463.058,4.825688542,1.1511422210000002,1.6232127189999996,5.103622523e+44,2.2219463378267304e+43,2.4104233864914383e+43,1.4808561460000002e+45,2.050665177952829e+44,1.6027926950437592e+44,8.352054588,0.2747270139999997,0.2958754490000004,5.585214305000001e+44,6.777444371691839e+42,4.0919183274003904e+42,1.969136973e+45,2.812862318917064e+43,2.098564403999708e+43
31,1eRASS J025353.3-604637,35.0,43.46,-60.78,715.0,0.45,25.0,5.0951715,-1.0,1.61,-1.0,44.11,28.895,63.434,2.192394113,0.6930650750000003,9.857538157,2.977601381000001e+43,2.977601381000001e+43,1.0701617580709412e+43,6.248336013999999e+43,6.248336013273569e+43,4.953759085034957e+43,4.069441033,0.9633817120000004,1.292022642,4.3052231820000003e+43,5.0722673680532896e+42,5.95149076210316e+42,1.189871599e+44,2.278414976064095e+43,1.7003854631085651e+43
32,1eRASS J025418.0-585646,1.0,43.56,-58.95,1298.0,0.43,222.0,5.712534,-1.0,4.49,-1.0,527.456,483.61,579.442,3.723465311,1.00108929,1.6253206670000004,4.6634494079999995e+44,3.5128708138960293e+43,5.355031736205871e+43,1.2137296640000002e+45,2.33886643222092e+44,1.7969260125317546e+44,7.467586635,0.1917231169999995,0.1918808700000003,5.5895442810000005e+44,8.953030481357771e+42,7.971828689568139e+42,1.90534368e+45,2.5715608068395165e+43,4.780214024562826e+43
33,1eRASS J025419.7-605201,18.0,43.59,-60.87,1041.0,0.45,156.0,4.9382305,-1.0,1.78,-1.0,171.979,145.408,202.614,22.1305839,16.974686481,-22.1305839,1.4069769419999999e+44,1.4069769419999999e+44,3.5482607450972396e+43,5.9800019349999996e+44,5.9800019348694284e+44,2.6486278192301406e+44,5.685572717,0.5720203230000003,0.6818186809999993,1.569950193e+44,5.0079412817714106e+42,5.5095058089346505e+42,4.907660515000001e+44,2.657232590710484e+43,2.0209495701432087e+43
34,1eRASS J025708.9-232602,259.0,44.29,-23.43,1310.0,0.5,102.0,4.598015,5.17,3.09,13.34,699.354,629.053,778.141,6.497213723,2.432394095,7.364466017,6.7491981289999994e+44,6.243280872716546e+43,7.135757334376879e+43,2.1603424540000002e+45,5.1673772297648126e+44,2.6060308607836616e+44,7.071690023,0.2032926400000008,0.2034615049999999,8.397647533e+44,6.204017573381131e+42,6.160653641849299e+42,2.8198125689999996e+45,3.08519443076656e+43,2.997619604543484e+43
35,1eRASS J030416.4-440155,51.0,46.07,-44.03,1218.0,0.45,138.0,5.6269073,6.16,2.99,8.59,412.075,369.013,460.44,3.431431111,0.7843567960000004,1.4328142239999997,4.96797173e+44,3.3310386665111157e+43,3.5644553668767336e+43,1.251435953e+45,1.5533848807702303e+44,1.5342013617397727e+44,5.941841406,0.2351597469999999,0.2371883050000001,5.514335937000001e+44,4.59964045997811e+42,7.806075644731259e+42,1.7479317160000003e+45,2.7416559945362417e+43,3.186812465420888e+43
36,1eRASS J030702.0-283956,245.0,46.76,-28.67,1369.0,0.25,103.0,4.3779373,4.42,3.66,6.01,462.157,439.926,487.799,4.406111032,0.755538864,1.2228506679999995,4.623250367e+44,1.8455887433743956e+43,1.265088949697632e+43,1.300942162e+45,1.448023503717689e+44,1.2294498833726524e+44,6.436928196,0.1523719320000003,0.1530483459999994,4.721728709e+44,4.3735736940343096e+42,4.8822473498236297e+42,1.537354271e+45,1.8947702890010505e+43,1.219026042185243e+43
37,1eRASS J031411.2-290824,677.0,48.54,-29.14,1004.0,0.36,71.0,3.3887072,3.86,2.1,10.63,108.082,93.473,125.472,2.500552153,0.7249802330000001,2.279040295,1.2132021449999999e+44,1.6150534241561253e+43,3.0731535403130707e+43,2.7005297050000003e+44,4.517332278599796e+43,5.976599819656048e+43,0.9346815763,0.1908720703,0.1689129756999998,3.0999830400000004e+43,1.4216542502590452e+43,1.1921144847831772e+43,4.791784328000001e+43,2.0122855682369352e+43,1.8063776072983401e+43
38,1eRASS J031716.1-593522,1156.0,49.32,-59.59,1034.0,0.47,59.0,3.6353111,-1.0,1.99,-1.0,174.278,151.598,202.117,5.593182964,2.7042229950000003,21.869300536,1.3278162430000002e+44,1.3278162430000002e+44,1.8524225759274001e+43,4.0449600049999996e+44,4.044959976328503e+44,9.417299769628735e+43,5.703376753,0.3671858729999995,0.441157617,2.5009580690000005e+44,1.0393362142187212e+43,9.69040924338064e+42,7.825085381999999e+44,3.162778991857041e+43,4.613228366276918e+43
39,1eRASS J031757.8-441417,200.0,49.49,-44.22,1368.0,0.11,105.0,4.6476307,4.31,3.36,4.95,294.182,285.476,302.578,3.797317229,0.3936842709999997,0.3992863079999997,1.826026805e+44,3.3540550473889696e+42,3.7201670982968804e+42,4.885787583e+44,2.3500911499223074e+43,2.4424118834425194e+43,2.817306331,0.0231354729999999,0.0230875789999998,3.4428878170000003e+44,9.444640390427701e+41,9.184757702766903e+41,8.247590774000001e+44,4.3150560593648304e+42,3.40230380657163e+42
40,1eRASS J032448.7-290517,6426.0,51.2,-29.09,881.0,0.22,40.0,3.0947304,-1.0,3.65,-1.0,39.79,30.416,52.074,14.14869552,9.273725328,-14.14869552,3.5500749850000005e+43,3.550074985000001e+43,6.972027410070391e+42,1.399786793e+44,1.3997867544101703e+44,4.463961010284173e+43,3.277786649,0.707034003,1.1947960740000003,3.5677403819999996e+43,3.1898258306991603e+42,2.7129360962798804e+42,9.032856556e+43,1.3811998932556293e+43,1.0808411542892782e+43
41,1eRASS J032836.5-554251,46.0,52.15,-55.71,1159.0,0.11,111.0,4.9787197,3.64,3.17,5.33,118.051,114.284,121.91,4.758044883,0.710085587,0.99654535,1.096836897e+44,3.0150169123682597e+42,2.0907986401895805e+42,3.1991304770000007e+44,2.286277184589741e+43,2.2071971825880378e+43,5.068283006,0.1201144759999994,0.1198451729999998,1.529195562e+44,2.4355347038385802e+42,1.8627639981614498e+42,4.5869902839999995e+44,5.85127977841641e+42,7.81115088032431e+42
42,1eRASS J032926.7-273107,12503.0,52.36,-27.52,581.0,0.24,30.0,2.5353212,-1.0,2.0,-1.0,9.585,6.018,14.637,55.99940323,53.569386137,-55.99940323,1.1300863339999998e+43,1.1300863339999998e+43,4.644575373490182e+43,5.408800962000001e+43,5.408800962e+43,2.120651864839236e+44,2.75600002,0.1908606139999999,0.2813599299999998,1.908601671e+43,6.2310268283947014e+41,7.962583150430299e+41,4.529141607000001e+43,2.5862939614611602e+42,2.2543396059812207e+42
43,1eRASS J033101.2-522843,684.0,52.74,-52.47,1381.0,0.43,90.0,5.571814,-1.0,3.57,-1.0,822.242,765.088,887.19,4.857849605,1.5354247770000002,3.129464325,5.867529742e+44,5.992069790732922e+43,4.1283693379215467e+43,1.696152366e+45,3.6517665417540216e+44,2.217947747453741e+44,4.464658006,0.0733995329999999,0.0737735560000008,3.709033776000001e+44,1.0370252407698412e+43,1.249493667662018e+43,1.062381493e+45,2.7634836470586097e+43,3.7244981105618406e+43
44,1eRASS J033359.3-283802,2868.0,53.5,-28.64,699.0,0.66,62.0,4.1265206,-1.0,1.29,-1.0,93.874,58.436,139.408,0.6382446128,0.4102760394,0.9077663642,4.344554186e+44,4.344554186e+44,7.538336088466839e+43,5.754489191e+44,5.754489191e+44,-3.387473960678076e+43,4.154981702,0.4972480799999998,0.6730843160000006,7.768269430000001e+43,1.1012906563711409e+43,9.64242379499618e+42,2.1649607600000004e+44,3.658565908805069e+43,2.4894158914684583e+43
45,1eRASS J034007.3-285045,1322.0,55.03,-28.84,1007.0,0.34,68.0,4.904238,-1.0,1.42,-1.0,101.576,84.611,122.93,4.283199617,2.072029048,41.268649683,7.320973519000001e+43,2.607210869010196e+43,1.259768149901624e+43,2.031221828e+44,8.870031766102855e+43,6.354664130037657e+43,2.965044385,0.4300016320000002,0.5506544579999999,9.347183413e+43,5.1976700808789497e+42,5.151767420739671e+42,2.2830692060000003e+44,2.4405275995037537e+43,2.2807257800352533e+43
46,1eRASS J034204.4-535513,152.0,55.52,-53.92,832.0,0.51,109.0,4.4139223,1.64,1.28,5.22,103.136,83.896,128.213,63.92429704,57.237565469,-63.92429704,7.104243233000001e+43,7.104243233000001e+43,1.434208593046317e+44,3.415842421e+44,3.415842421e+44,6.8300968056161536e+44,4.059818901,0.411758099,0.5639156510000003,1.2362539170000002e+44,5.08622995631522e+42,4.0580545903797706e+42,3.4129929620000006e+44,2.0352601339727011e+43,1.308210989864403e+43
47,1eRASS J034301.7-551848,948.0,55.76,-55.31,895.0,0.55,59.0,2.9200332,-1.0,3.94,-1.0,126.129,106.507,149.913,4.590776052,1.927989729,11.267326228000002,1.328770399e+44,5.575765908057204e+43,2.3899763532972107e+43,3.7441911559999995e+44,3.744191152948832e+44,7.166884352500899e+43,6.452192376,0.7010300000000003,0.8132111439999994,1.578614985e+44,7.311971341956971e+42,6.436914153711161e+42,5.145220531e+44,2.6827951155793977e+43,1.8928609844236687e+43
48,1eRASS J034557.2-241643,6036.0,56.5,-24.31,1096.0,0.12,37.0,3.8556573,2.55,2.0,2.97,84.284,79.958,88.848,3.720142118,0.7592516489999999,1.1604706059999996,8.007483982000001e+43,4.0731602138075707e+42,3.69269064351824e+42,2.1234937180000003e+44,2.8407137507333943e+43,2.029656964055424e+43,3.885650299,0.0800067449999999,0.0801016809999999,1.079217482e+44,9.3219420029514e+41,9.908944368261399e+41,2.9283860590000004e+44,4.076750096677971e+42,2.5054220188890398e+42
49,1eRASS J035209.7-403128,2007.0,58.04,-40.52,902.0,0.4,50.0,2.7148757,-1.0,2.63,-1.0,74.908,62.508,89.813,63.99919094,56.64590492,-63.99919094,7.324499195e+43,7.324499195e+43,1.0153652877189822e+44,3.530126175e+44,3.530126175e+44,4.842559818205905e+44,2.652546909,0.4031548579999997,0.932943496,3.3706612510000004e+43,5.876391492901169e+42,4.831328693338761e+42,7.891589224000001e+43,1.265500178344915e+43,1.004572951914434e+43
50,1eRASS J035414.1-590513,583.0,58.56,-59.09,1054.0,0.41,69.0,3.0469944,3.61,2.53,14.47,149.229,133.074,166.642,3.820218637,1.3625760379999998,13.449814903,1.56668821e+44,1.8932747503066179e+43,1.7243239258177648e+43,4.1267561129999996e+44,9.405270699336007e+43,9.024527055475102e+43,4.507135423,0.3566282570000005,0.3928618769999996,1.5309070140000003e+44,3.785031613042441e+42,4.3188261765811797e+42,4.399652534e+44,2.0245528979953237e+43,1.490736314363731e+43
51,1eRASS J040352.5-571940,1265.0,60.97,-57.32,1113.0,0.46,62.0,3.738572,-1.0,7.21,-1.0,235.543,211.233,265.894,63.99987342,49.5097637,-63.99987342,2.048874459e+44,2.048874459e+44,1.790040592886343e+44,9.861192816000002e+44,9.861192812457703e+44,7.929301765969328e+44,4.643775754,0.2413586470000002,0.2438789510000001,3.2191844700000004e+44,4.4964697208948695e+42,6.709606017514111e+42,9.35034923e+44,2.239742776470097e+43,2.4254904504014395e+43
52,1eRASS J040506.5-371706,4104.0,61.28,-37.29,786.0,0.2,37.0,2.348336,1.49,1.18,2.1,22.189,18.847,26.177,63.99999998,63.99999998,-63.99999998,1.4333108580000005e+37,1.4333108580000005e+37,5.834941883419092e+43,6.936692269999999e+37,6.936692270000001e+37,2.7916359970770233e+44,0.009083114316,0.009083114316,0.0061425877339999,1.2736512470000002e+33,1.2736512470000003e+33,-1.2736512470000003e+33,3.016894592e+49,3.016894592e+49,-3.016894592e+49
53,1eRASS J041116.2-481850,6.0,62.8,-48.33,1237.0,0.41,178.0,5.029322,6.93,5.42,14.15,427.782,399.601,463.466,6.715887551,2.123082266,6.113332439000001,4.333334960000001e+44,2.2116500127106927e+43,1.7271328421734463e+43,1.409084398e+45,1.6228964171016736e+44,1.323968359891446e+44,5.4335976,0.1525320319999998,0.2171609220000006,6.490953153000001e+44,2.735352539885652e+43,3.686481226259434e+43,2.000633489e+45,1.4048569273975251e+44,1.0154605001912689e+44
54,1eRASS J041723.0-474844,151.0,64.35,-47.81,1190.0,0.59,112.0,4.4736824,-1.0,6.22,-1.0,565.38,515.818,630.968,3.430861899,0.4461209849999998,0.7538488360000004,9.322497140999999e+44,5.154026429172737e+43,4.729763732548847e+43,2.3317372840000003e+45,2.3285115917391485e+44,2.2042577058810984e+44,3.627307243,0.0853418560000003,0.0864371659999996,1.166901923e+45,1.3843019529750265e+43,1.2192009863842309e+43,3.083737997e+45,4.1763273135370586e+43,3.253703945097656e+43
55,1eRASS J042018.4-503151,17944.0,65.07,-50.53,710.0,0.44,28.0,2.7287798,1.16,0.93,2.09,42.866,32.014,54.937,2.607824663,1.237265226,6.979037601,3.2544246430000003e+43,1.4921129293871372e+43,8.224209187694111e+42,7.337463775e+43,2.588238186948764e+43,3.752139148922545e+43,2.074991544,0.089120171,0.087526344,4.751123739000001e+43,5.81765440634324e+42,3.00032841142725e+42,1.0111381999999999e+44,1.3015197599833288e+43,6.06510023489337e+42
56,1eRASS J043817.8-541917,48.0,69.57,-54.32,1292.0,0.42,132.0,4.728269,-1.0,5.35,-1.0,643.019,610.257,678.488,7.830043116,1.7603959209999998,3.254658664,5.9030920329999995e+44,2.0763002289993024e+43,1.5998990006632772e+43,2.009035617e+45,1.815648241151045e+44,1.5765853614808287e+44,8.100707514,0.1382106219999999,0.1382692770000009,7.359392373e+44,7.760500342653381e+42,6.977245051224901e+42,2.5699354060000003e+45,3.0869791405706016e+43,2.437439567581741e+43
57,1eRASS J043817.3-531056,6587.0,69.57,-53.18,557.0,0.3,36.0,2.869104,-1.0,2.24,-1.0,8.314,5.694,11.474,1.733391139,0.5059939920000001,4.165810989,8.993086159e+42,4.35370104751001e+42,3.910699225458101e+42,1.7317429179999998e+43,7.922212699066559e+42,8.915077580377821e+42,2.559904314,0.2654350220000001,0.302405045,1.17297098e+43,6.3334833695263994e+41,8.081890533091601e+41,2.7065561290000005e+43,1.56047340552257e+42,1.8293284090870898e+42
58,1eRASS J044647.1-370345,12.0,71.7,-37.06,1173.0,0.6,204.0,6.391285,-1.0,6.24,-1.0,520.879,462.804,574.899,10.92259164,4.686615287,37.83761783,4.6748644240000005e+44,4.6748644240000005e+44,4.1834406405245377e+43,1.733091325e+45,1.7330913211779935e+45,3.724853717250763e+44,8.557892174,0.334842802999999,0.4247214620000008,5.029446604000001e+44,8.772603159944792e+42,1.0337045947888312e+43,1.7872031920000003e+45,4.879054133237867e+43,2.66423677067468e+43
59,1eRASS J044921.0-284909,2576.0,72.34,-28.82,1209.0,0.34,34.0,3.164722,3.73,2.62,6.77,231.402,205.12,263.563,3.453317592,0.8604537419999998,2.1836201230000003,2.5612251330000003e+44,2.0714460159561361e+43,3.3544784617136674e+43,6.5067162139999995e+44,1.4520863973852451e+44,1.2737874272423838e+44,3.005700145,0.1189609420000001,0.1200662869999997,2.7366500459999998e+44,1.02878036795712e+43,1.153297031162839e+43,6.7200165660000005e+44,2.8346652182189417e+43,2.6238065497400563e+43
60,1eRASS J044956.2-444019,545.0,72.49,-44.67,1170.0,0.16,66.0,3.6075692,3.0,2.56,4.57,132.113,125.42,139.314,3.842799846,0.6517397520000001,1.384574012,1.291567748e+44,5.4134394893613706e+42,7.212584363974079e+42,3.4566103940000006e+44,4.1942539109969054e+43,3.6098359929290505e+43,3.827400777,0.0942769939999998,0.0946983660000002,1.6743894170000002e+44,1.13379464794922e+42,1.7903985598935202e+42,4.516650754e+44,5.3449825461838397e+42,6.22497233415195e+42
61,1eRASS J045507.1-532347,3728.0,73.77,-53.4,500.0,0.41,44.0,3.4565077,-1.0,-1.0,-1.0,-1.0,-1.0,14.545,6.821624544,4.322271701,-6.821624544,2.091854323e+43,2.091854323e+43,2.4589278326707606e+42,6.8445107239999995e+43,6.844510455432524e+43,2.898269655389182e+43,3.362934649,0.4707734129999998,0.6059719480000001,2.3635712129999997e+43,1.31282252218826e+42,1.9240771607506602e+42,6.070174672000001e+43,6.451586610352721e+42,3.7164697346906597e+42
62,1eRASS J050105.8-242502,272.0,75.27,-24.42,946.0,0.32,77.0,4.033615,2.01,1.4,6.37,74.678,62.657,90.014,2.153634785,0.5394586809999999,2.432578086,8.040669718999999e+43,1.1417466351028659e+43,1.9710365305272803e+43,1.6938293900000002e+44,3.149652851445049e+43,4.1018900934931876e+43,4.053071224,0.2215961919999998,0.2225333679999996,9.088463814999999e+43,1.4378544582101898e+42,2.2055858524709698e+42,2.507509091e+44,7.584081082284762e+42,8.170188359780961e+42
63,1eRASS J051016.7-451911,117.0,77.57,-45.32,1280.0,0.21,101.0,4.886686,4.85,3.57,6.14,287.006,276.084,299.317,5.569084261,0.9708477140000004,1.283836568,2.908161528e+44,1.1178876950982889e+43,9.18178370377124e+42,8.939710867000002e+44,1.2899804485441488e+44,8.990120508151886e+43,6.482638296,0.1480493040000006,0.148600633,3.4412063019999997e+44,2.5754843407836498e+42,2.7133608703347505e+42,1.123329109e+45,1.1217166544969e+43,1.23409607103283e+43
64,1eRASS J051438.0-490334,119.0,78.65,-49.09,974.0,0.11,87.0,3.5888658,2.71,1.99,3.6,43.733,41.698,45.576,4.32459239,0.9675395310000005,1.295216698,3.864274742e+43,1.7656103742249502e+42,1.1206163889595701e+42,1.088175495e+44,1.5754923728973771e+43,1.2222153972084179e+43,54.5469486,10.01353383,-54.5469486,6.814693519000001e+43,7.733016294003001e+41,3.5644389401183304e+42,3.2708690380000003e+44,8.501133749398881e+42,1.4903573613873813e+43
65,1eRASS J051606.7-485510,7310.0,79.03,-48.92,889.0,0.6,37.0,2.9743724,-1.0,3.41,-1.0,148.644,123.146,180.172,3.348149216,1.08741835,2.797217654,2.127573989e+44,2.5888271914805164e+43,3.970533141960882e+43,5.261938843e+44,1.0925720405011278e+44,9.166180392282968e+43,2.70734144,1.051128705,2.802541841,1.233888862e+44,4.717341100946754e+43,4.4299301441387056e+43,2.9135589159999997e+44,1.1180872554969442e+44,1.1502019571920888e+44
66,1eRASS J051636.6-543031,4.0,79.16,-54.5,1304.0,0.3,207.0,7.181398,8.07,5.81,10.37,433.182,417.986,451.639,6.312981181,1.3914675279999995,1.9172256900000004,4.1152249469999996e+44,1.2820791732105052e+43,1.4664517092980614e+43,1.3146751969999998e+45,1.3203321894932931e+44,1.044706487958938e+44,8.553195734,0.150573864,0.2121783469999982,4.6386916190000006e+44,3.14384130042292e+42,2.4183779522933506e+42,1.648121459e+45,1.381112340679169e+43,1.1252413022824651e+43
67,1eRASS J052100.7-481647,4030.0,80.24,-48.27,745.0,0.31,46.0,3.4112942,1.34,1.09,3.68,29.203,22.004,37.546,1.878984289,0.483537227,1.4707673250000002,3.1483413939999996e+43,6.140005363493299e+42,1.1532393160868319e+43,6.239817422000001e+43,1.0135678471533012e+43,1.7668638262740302e+43,3.471152286,1.3880367170000003,3.710442404,1.985482222e+43,4.698660185822131e+42,5.3179323154967504e+42,5.1629813870000005e+43,2.0600313164237904e+43,2.088189877564417e+43
68,1eRASS J052215.2-481813,629.0,80.56,-48.3,1129.0,0.3,85.0,4.732115,3.7,2.35,5.49,147.594,132.622,161.909,2.457027872,0.8339056139999999,-2.457027872,4.0194627300000007e+43,9.418513747504089e+42,1.4838231226649922e+43,8.922404500999999e+43,2.327091123696164e+43,2.9507211692363926e+43,4.961618204,0.3252616389999998,0.3272554000000003,1.6049483080000002e+44,3.2393468748795196e+42,3.4907304756634904e+42,4.7756948850000005e+44,1.6423053793849628e+43,1.501117927365896e+43
69,1eRASS J052214.0-362502,1861.0,80.56,-36.42,806.0,0.46,53.0,3.8652263,-1.0,2.13,-1.0,79.184,59.295,102.059,2.509293244,1.097113745,5.064655449,7.731980969000001e+43,7.731980965780737e+43,2.0016767147416538e+43,1.7052092980000002e+44,9.0590587349792e+43,8.836288661602689e+43,4.695524473,0.3826923200000003,0.3901936859999999,1.015360215e+44,3.0946763678078205e+42,5.00884552199049e+42,2.960560369e+44,1.7962578244007072e+43,1.1802122630099049e+43
70,1eRASS J052548.5-471511,215.0,81.45,-47.25,1233.0,0.2,79.0,3.3408241,-1.0,6.47,-1.0,212.839,203.927,222.438,12.79299229,4.7429458690000015,9.65832862,2.2143378710000005e+44,9.696948950844213e+42,1.0701676927458312e+43,8.566913635000002e+44,1.5487598975351539e+44,1.0231382237070952e+44,8.257852379,0.3759647519999989,0.3823384830000016,2.6561150260000003e+44,3.0719882894534803e+42,3.6709174215529897e+42,9.326455032e+44,1.9133567452557959e+43,1.6778731422127032e+43
71,1eRASS J052852.7-392824,214.0,82.22,-39.46,1379.0,0.29,115.0,7.5837264,5.87,4.59,9.41,523.919,493.269,556.033,5.504671533,0.9451511209999994,1.813026356,5.4277938860000005e+44,1.981320846076017e+43,2.1556052231028563e+43,1.6588446550000003e+45,2.635194497578654e+44,1.6239552090147914e+44,6.875685258,0.2474902219999997,0.2865396740000001,6.546751287e+44,6.268376158052671e+42,6.42139968443652e+42,2.181966557e+45,3.505364250781089e+43,2.6813384023323087e+43
72,1eRASS J052945.2-314518,187.0,82.44,-31.77,1278.0,0.35,93.0,4.2913465,4.89,3.03,8.53,394.099,363.681,427.362,5.809474406,1.6891089999999993,4.327385374,3.5714255530000006e+44,2.7489997634485335e+43,3.3575375336374494e+43,1.107489845e+45,2.9057863688187448e+44,1.5995067137368202e+44,5.740146385,0.3246596120000005,0.3274761169999998,4.343975591e+44,6.740493275235741e+42,6.176803989952949e+42,1.361936267e+45,3.4515565730791647e+43,3.7052009296119033e+43
73,1eRASS J053255.6-370138,2.0,83.23,-37.03,1371.0,0.28,199.0,5.87942,5.95,4.53,9.43,515.155,490.005,542.639,6.870133814,1.6587091769999995,3.113154873,5.0903756419999995e+44,2.1462365248740367e+43,2.924997709552535e+43,1.67643936e+45,3.289524758603816e+44,1.8021184867774803e+44,7.170225784,0.2414357320000002,0.242501281,5.918915784e+44,5.3782116103382505e+42,5.099207965784721e+42,1.994804193e+45,2.623782402872329e+43,2.5780814629607897e+43
74,1eRASS J054249.8-410004,658.0,85.71,-41.0,1058.0,0.65,101.0,6.121897,-1.0,2.96,-1.0,368.026,312.339,437.21,2.658362448,0.639943841,1.993073,4.238309176e+44,4.074870136487272e+43,4.90299133221891e+43,9.508231115e+44,1.132388835423931e+44,1.4850051942408223e+44,7.038031426,0.487600982,0.8455249189999998,2.4537637330000003e+44,8.48828763426059e+42,7.130264083175051e+42,8.228832787e+44,2.734683711603151e+43,2.994604910380694e+43
75,1eRASS J054738.4-315214,26.0,86.91,-31.87,1295.0,0.15,120.0,4.042724,4.26,3.24,5.89,234.916,224.245,247.552,4.155843419,0.7674365839999999,1.1007081220000003,2.1960465339999998e+44,8.679996024534501e+42,5.197759112255221e+42,6.073461127e+44,2.4483097520214157e+43,5.238809921626099e+43,6.18072982,0.089772345,0.0898231369999997,2.7613590179999998e+44,1.2192377944746703e+42,1.0385423389592401e+42,8.86866319e+44,5.834452737798719e+42,5.921676697668509e+42
76,1eRASS J054843.5-215522,2191.0,87.22,-21.89,1015.0,0.11,21.0,3.909551,-1.0,2.74,-1.0,49.189,45.649,52.968,3.234998286,0.6653314620000002,1.364786224,5.209026185999999e+43,2.82970440760272e+42,2.1516308747269402e+42,1.3082011990000002e+44,1.576837476903873e+43,1.6357747663486931e+43,3.605450477,0.0692454070000003,0.0692476609999999,4.132386742000001e+43,2.560811345657801e+41,2.7829566019189007e+41,1.0896720980000002e+44,1.4875294927626298e+42,8.334155010076199e+41
77,1eRASS J055942.9-524851,61.0,89.93,-52.82,984.0,0.61,142.0,5.1422925,-1.0,2.82,-1.0,242.124,186.806,316.942,2.782388774,0.6696409700000001,1.7680127169999995,2.8764621510000004e+44,3.8702383450373537e+43,6.219698953079987e+43,6.582122507000001e+44,1.3095581964343234e+44,1.4909712264784578e+44,6.804198753,0.6311437489999996,0.9082482040000004,3.35907503e+44,8.073061849783791e+42,1.3813337883578942e+43,1.115744526e+45,5.280375438145317e+43,4.930709862514512e+43
78,1eRASS J060554.1-351809,190.0,91.48,-35.3,1348.0,0.15,80.0,4.5185313,3.78,3.03,4.65,287.724,275.778,299.453,3.281795831,0.46202969,0.7119601319999997,2.878354884e+44,9.302685231508139e+42,1.1788122610288773e+43,7.245064644e+44,5.6710156570193e+43,5.432972690484428e+43,4.925549863,0.0573964439999992,0.0575022260000004,3.602811809e+44,1.8719463645851798e+42,1.63615076857146e+42,1.069001329e+45,7.034066268496981e+42,5.3565275616518804e+42
79,1eRASS J061632.0-394806,495.0,94.13,-39.77,1191.0,0.15,78.0,4.223441,3.64,2.42,5.94,130.379,119.893,139.658,3.812189193,0.902771923,1.5598676209999995,1.125620536e+44,8.228596591075731e+42,9.519942547535222e+42,3.0062970820000003e+44,6.382283665883874e+43,5.391872224000488e+43,4.91469134,0.1325919049999999,0.1331473220000001,1.8262061620000003e+44,1.43010580132363e+42,1.6561947964887606e+42,5.4144705880000004e+44,8.191285351745561e+42,6.71628665462455e+42
80,1eRASS J202210.0-632358,1252.0,305.54,-63.4,882.0,0.39,61.0,3.6691463,-1.0,1.39,-1.0,97.14,71.523,128.079,0.1553870649,0.12779520951,0.0691500994,7.095418936999999e+43,6.768877237943326e+43,8.971701927402231e+42,2.79201335e+44,2.79201335e+44,4.3983668564972094e+43,4.545355909,0.4681646650000006,0.6029216269999997,1.25863937e+44,7.292345679701581e+42,7.440712101084149e+42,3.628104631e+44,3.5913899843280394e+43,1.9330705119373078e+43
81,1eRASS J202321.6-553524,45.0,305.84,-55.6,1300.0,0.22,133.0,6.405799,-1.0,2.3,-1.0,262.298,234.816,288.954,8.535222494,3.864038987999999,16.613344926,2.8267418690000003e+44,2.792208390526772e+43,1.6809682210297213e+43,9.953184793e+44,2.7987189114731328e+44,1.2213448334783618e+44,7.063365551,0.2363981530000005,0.2336173449999998,3.819237423000001e+44,8.177129594933591e+42,7.449440514364809e+42,1.281354324e+45,1.5468272738280182e+43,3.3788677620504785e+43
82,1eRASS J205555.4-545538,324.0,313.98,-54.93,1135.0,0.14,64.0,3.553733,3.9,2.96,8.9,99.585,89.768,110.708,4.334270932,1.201192873,2.970445675,1.050577397e+44,1.025722114270174e+43,1.078505008609326e+43,2.953020729e+44,8.335718137396357e+43,6.378827443166649e+43,4.393770646,0.1534807240000004,0.1519725970000003,1.019530895e+44,1.0204465570424299e+42,1.25481433018919e+42,2.9045547200000004e+44,6.142846418954459e+42,3.41314312903758e+42
83,1eRASS J212433.5-612500,319.0,321.16,-61.41,1073.0,0.44,92.0,4.4772434,-1.0,2.54,-1.0,233.108,189.812,281.046,63.99403528,57.545158842,-63.99403528,1.339787773e+44,1.339787773e+44,3.239748899193757e+44,6.4518977020000005e+44,6.4518977020000005e+44,1.5475857753830864e+45,4.107132235,0.3524094550000001,0.3833643149999997,1.6610875629999999e+44,8.176330855048009e+42,7.488171100907852e+42,4.607159438e+44,2.722154846324836e+43,1.872421181794328e+43
84,1eRASS J213056.7-645842,436.0,322.73,-64.98,1079.0,0.31,83.0,4.4405165,-1.0,5.38,-1.0,146.856,123.351,170.238,2.654687069,0.807875173,2.069715468,2.104253622e+44,2.2294881467543356e+43,3.681318743459321e+43,4.817131738e+44,7.468545665785344e+43,1.0222257294223579e+44,3.837702894,0.2791705589999997,0.2840432180000003,2.1012432670000005e+44,4.8815762514707995e+42,7.682335385119551e+42,5.6737990249999994e+44,2.189038118891942e+43,2.4050695846752985e+43
85,1eRASS J213400.4-423849,21.0,323.5,-42.65,1211.0,0.2,144.0,4.423391,3.05,1.79,6.43,146.648,126.096,173.536,63.90667532,55.564164811,-63.90667532,9.687693884e+43,9.687693884e+43,8.53287719502797e+43,4.687485037e+44,4.687485037e+44,6.333304861977154e+44,4.329020187,0.1772026850000001,0.2857802509999994,1.15165806e+44,1.8790403642727706e+42,1.89166144105389e+42,3.264628027e+44,1.2142399335663852e+43,1.3327973524519229e+43
86,1eRASS J213441.2-490719,2360.0,323.68,-49.12,829.0,0.57,51.0,4.8275223,-1.0,1.63,-1.0,164.44,99.096,279.887,63.99882276,61.687863212,-63.99882276,8.504056639000001e+43,8.504056639000001e+43,3.442765268993125e+44,4.085333382000001e+44,4.085333382000001e+44,1.648499383477704e+45,3.928018153,0.6149318039999998,0.7411431329999996,1.8392221750000003e+44,1.949516470272173e+43,1.4890294117274263e+43,5.0120710900000005e+44,6.079032693325526e+43,6.846097029532267e+43
87,1eRASS J213536.8-572622,50.0,323.91,-57.44,1021.0,0.42,131.0,6.26982,3.83,1.76,8.05,190.371,151.728,238.35,5.222090426,3.313897213,-5.222090426,1.8931409880000004e+44,1.8931409880000004e+44,1.732128712490316e+43,5.631835383000001e+44,5.63183538262468e+44,1.9980122788111542e+44,5.793107737,1.2875891169999996,1.3960331300000002,2.93489106e+44,1.5307135064334882e+43,2.3158892133151583e+43,9.228743532e+44,9.626539155422272e+43,8.31429050454799e+43
88,1eRASS J213800.9-600758,10.0,324.5,-60.13,1320.0,0.32,152.0,4.635746,-1.0,2.78,-1.0,377.77,335.194,416.41,7.66698613,4.392021657999999,-7.66698613,2.4816053610000006e+44,1.0166632271265959e+44,4.2971497498673705e+43,8.416309784e+44,8.416309782920072e+44,1.9563893878971356e+44,8.247889197,0.5276351679999989,0.5528890080000011,2.378547785e+44,6.15293166383515e+42,5.2811034215780896e+42,8.352876399e+44,2.2909076233699683e+43,1.6257472410196132e+43
89,1eRASS J214359.4-563717,36627.0,326.0,-56.62,1142.0,0.11,21.0,2.7006896,3.11,2.24,4.33,88.42,83.458,93.739,2.302442473,0.3247112550000002,0.5982574709999997,7.599538185999999e+43,3.644810940721701e+42,5.1740297260208296e+42,1.6705277780000002e+44,1.924572113363724e+43,2.4419335818556254e+43,-999.0,-999.0,-999.0,-999.0,-999.0,-999.0,-999.0,-999.0,-999.0
90,1eRASS J214553.0-564448,113.0,326.47,-56.75,1136.0,0.48,123.0,5.2248273,-1.0,3.42,-1.0,346.917,290.447,412.982,4.479521533,2.058685642,10.312364417,3.8663663289999996e+44,3.8663663289999996e+44,6.592493153991418e+43,1.080944275e+45,1.0004852346749923e+45,3.4454961899481138e+44,6.972510381,0.4138449470000003,0.6536082639999998,3.6841378589999996e+44,1.349898909138198e+43,1.2053169909060062e+43,1.2323718980000001e+45,5.429004795459366e+43,3.2891784178759195e+43
91,1eRASS J215826.3-602359,643.0,329.61,-60.43,974.0,0.1,88.0,4.772801,-1.0,2.84,-1.0,40.059,35.332,45.313,12.26516001,6.299739538000001,-12.26516001,3.875432822e+43,3.875432822e+43,5.89587882138778e+42,1.491565737e+44,1.4915657329357331e+44,4.184467562224784e+43,3.79259734,0.1105607690000001,0.110687473,6.5724624760000005e+43,6.576481695056901e+41,7.0000418678137e+41,1.7665953769999999e+44,3.06166688087254e+42,2.8180562189114305e+42
92,1eRASS J215958.6-624321,64.0,329.99,-62.75,816.0,0.39,117.0,4.1146255,-1.0,1.89,-1.0,64.412,40.651,112.201,63.90450968,59.825402117,-63.90450968,7.347192462000001e+43,7.347192461999999e+43,1.8771107798830467e+44,3.5409577960000003e+44,3.5409577960000003e+44,9.019433565916844e+44,3.033289579,0.2844664159999999,0.2905059220000003,9.616509421e+43,4.439881801061141e+42,4.36156545740225e+42,2.3696663720000004e+44,1.7014360880054398e+43,1.204644245304975e+43
93,1eRASS J220112.5-614737,6889.0,330.3,-61.79,1016.0,0.23,33.0,2.729365,2.02,1.39,4.28,89.381,73.756,105.627,1.722506808,0.2318742559999997,0.651508508,1.021464924e+44,1.1545013104708378e+43,2.4988453101191203e+43,1.97010065e+44,3.585330274896273e+43,3.464545344315964e+43,2.458283568,0.179386875,0.1794997619999998,7.283586721000002e+43,2.3901376986978406e+42,2.3418771724811506e+42,1.6542544079999999e+44,6.092648880611071e+42,9.800141216447152e+42
94,1eRASS J220211.0-593608,2932.0,330.55,-59.6,936.0,0.43,48.0,3.5043547,-1.0,5.2,-1.0,113.637,79.056,165.851,2.308665834,0.969575532,-2.308665834,6.480114586e+43,6.480114586e+43,2.8472080716533135e+43,1.387293144e+44,1.387293143886144e+44,9.573274516387566e+43,2.86135477,0.6784639780000004,0.9280193579999998,3.887983317000001e+43,7.800288529611331e+42,1.0027992411351052e+43,9.368488189e+43,2.1651593613410472e+43,1.860637966659473e+43
95,1eRASS J222417.9-551456,3337.0,336.1,-55.26,997.0,0.11,52.0,3.4918437,-1.0,3.76,-1.0,44.047,40.008,48.504,2.989208959,0.712943165,2.091716153,4.1454100329999996e+43,2.7347954199031604e+42,4.4008551805656495e+42,1.0082781480000002e+44,1.5983097643478299e+43,1.671274203559488e+43,3.434108107,0.0924868380000001,0.1312223599999997,5.58806201e+43,9.368030418123901e+41,9.261844863640799e+41,1.4474589780000002e+44,3.29545479109147e+42,3.3570271451692396e+42
96,1eRASS J224623.3-524409,109.0,341.56,-52.72,1245.0,0.11,103.0,3.797983,4.17,3.31,6.46,160.882,152.714,167.826,4.706871268,0.9152140350000004,1.922772609,1.4461880510000002e+44,6.37291574680786e+42,3.5171192534013813e+42,4.195635995e+44,3.1064027928642134e+43,4.997301862627202e+43,4.561219467,0.0720223109999995,0.0719547199999999,1.9212344950000003e+44,8.575598102878401e+41,9.112286887194203e+41,5.544148490000001e+44,4.07418479890782e+42,4.254096832045521e+42
97,1eRASS J224956.5-642532,527.0,342.49,-64.43,1232.0,0.11,79.0,5.0586777,6.11,3.9,8.11,132.613,126.364,139.677,3.227478547,0.5269809030000001,0.829491875,1.5456508300000003e+44,5.96970343986199e+42,4.3279942644360996e+42,3.878690825e+44,3.1596349956732037e+43,3.3848403960985145e+43,4.824318771,0.0499918749999999,0.0499660510000001,2.339179109e+44,7.258869731042799e+41,5.988555164734901e+41,6.888203632e+44,3.2642131668275996e+42,2.6946991086207205e+42
98,1eRASS J224845.3-443141,15.0,342.24,-44.5,1542.0,0.35,161.0,6.596745,-1.0,5.77,-1.0,1450.813,1380.669,1533.87,9.612682311,2.5493048180000004,4.953486859,1.379828022e+45,6.225451533018838e+43,7.813482078258048e+43,4.9854453810000005e+45,9.157849666461e+44,3.1094145740297166e+44,9.578868746,0.6286321509999997,0.624722804000001,2.7284090350000003e+44,4.8230607277285204e+42,2.8885246089646803e+42,9.964425376e+44,2.1634711452248584e+43,1.507610856630608e+43
99,1eRASS J231653.2-545357,1007.0,349.22,-54.9,930.0,0.37,71.0,4.858876,-1.0,2.37,-1.0,102.995,81.494,127.008,1.83695839,1.0733432983,-1.83695839,3.866016817e+43,3.866016817e+43,1.996949138763945e+43,7.557618840999999e+43,7.557618484441643e+43,1.0470263965433947e+44,63.87476628,25.006714780000003,-63.87476628,3.0228080930000005e+43,3.0228080930000005e+43,2.345244948894274e+43,1.468507086e+44,1.468507074400355e+44,1.0323496135129356e+44
100,1eRASS J231722.5-535748,1311.0,349.34,-53.96,848.0,0.39,53.0,2.8374088,-1.0,2.08,-1.0,71.848,52.505,92.815,2.724856581,1.015189029,2.969311616,9.04909629e+43,5.272988133391032e+43,2.1405608717291915e+43,2.085884657e+44,2.0858844915209587e+44,8.763379613110309e+43,3.778450079,0.3778652720000002,0.4014355129999996,9.215427179e+43,7.597674902462261e+42,9.858112515463692e+42,2.4733756359999998e+44,2.5613150200096533e+43,2.235452034315372e+43
101,1eRASS J232138.0-415349,1855.0,350.41,-41.9,1150.0,0.11,55.0,3.1129391,1.73,1.58,2.08,94.892,90.108,99.485,2.042533809,0.1859791070000001,0.3912040449999998,1.005531197e+44,3.7662636189042296e+42,4.2468987808876505e+42,2.101347364e+44,1.4519005717720328e+43,1.4372337718925953e+43,3.171865858,0.0809587739999999,0.0809592560000003,1.253965603e+44,1.44186670853718e+42,1.2445349286485001e+42,3.1435880420000005e+44,4.6608411287758797e+42,4.4275590498183104e+42
102,1eRASS J233000.7-543701,22347.0,352.5,-54.62,770.0,0.17,22.0,2.7109697,-1.0,5.34,-1.0,22.833,17.95,27.796,7.840818161,5.872404227,-7.840818161,9.089864315e+42,9.089864315e+42,1.36941915513404e+42,3.1209992660000005e+43,3.1209988509335983e+43,1.5358598950801151e+43,2.74467729,0.2385089199999996,0.3200375260000001,2.4596281910000005e+43,7.165968802959101e+41,1.15363647792787e+42,5.838133758000001e+43,3.7042135490514505e+42,3.45966425155103e+42
103,1eRASS J233226.7-535814,370.0,353.11,-53.97,1305.0,0.42,85.0,3.6650655,1.66,1.42,3.38,465.647,409.837,530.103,2.17284204,0.4267044009999998,0.8579868390000001,4.3010686239999995e+44,5.45793730239503e+43,8.645365410183466e+43,9.031060074e+44,8.631274035162993e+43,1.851629353998872e+44,6.806174585,0.2888127489999998,0.4666554219999996,4.702016460000001e+44,1.038293868748682e+43,9.843655197666929e+42,1.562042364e+45,4.343484589398736e+43,3.1438147478013727e+43
104,1eRASS J004059.2-444515,11383.0,10.25,-44.76,685.0,0.21,34.0,4.4270267,-1.0,0.52,-1.0,18.087,10.624,25.718,0.008,0.008,0.04276258244,5.088438132e+35,5.088438132e+35,1.8153635616478184e+37,6.642205494e+54,6.642205494e+54,1.958629036224848e+56,4.182326611,0.4807896259999995,0.4367583260000005,2.9825502169999997e+43,7.886870116205401e+41,1.1377962096300701e+42,8.325822627000001e+43,5.19941234763985e+42,4.4341422416453604e+42
105,1eRASS J020308.4-201708,36.0,30.79,-20.29,1103.0,0.44,126.0,3.9437068,-1.0,12.0,-1.0,237.423,203.767,272.146,63.98693967,51.51192089,-63.98693967,2.5032316410000003e+44,2.5032316410000003e+44,3.3670364381884157e+44,1.205196002e+45,1.2051960019999996e+45,1.2929883200309474e+45,6.397991438,0.4023368039999999,0.4043299420000004,3.1063807840000003e+44,5.90980782946465e+42,6.63277619872289e+42,1.0093699810000002e+45,2.7898505415098643e+43,2.316540870014933e+43
106,1eRASS J033645.6-314339,75.0,54.19,-31.74,929.0,0.42,118.0,4.5612416,5.34,1.95,12.1,115.305,96.47,139.439,7.091824475,4.443259167000001,-7.091824475,8.112532052000001e+43,8.112532052000001e+43,8.620291730230301e+42,2.6830416529999998e+44,2.6830415763786502e+44,5.727940606466482e+43,5.002655407,0.3660807109999995,0.3694534740000001,1.206229644e+44,3.19178649136493e+42,2.4586691145022206e+42,3.600406788e+44,1.2356026356917039e+43,1.232174107729783e+43
107,1eRASS J034350.6-552902,14164.0,55.95,-55.48,636.0,0.12,26.0,2.3519344,-1.0,1.23,-1.0,6.64,4.759,9.071,1.659800176,0.3588577020000001,-1.659800176,3.0300213159999997e+42,1.12241099645397e+42,1.1168529007344302e+42,5.782002285e+42,2.3623653832873198e+42,2.5033342455885905e+42,1.080677727,0.2270824979000001,0.1846512879999999,1.6578646970000002e+34,1.6578646970000002e+34,5.111385142400585e+44,2.6857188590000003e+34,2.6857188590000003e+34,9.859917064153055e+44
108,1eRASS J011527.9-413401,12995.0,18.87,-41.57,812.0,0.13,23.0,2.0205083,-1.0,2.84,-1.0,19.604,16.948,23.333,5.137654532,3.03218261,16.242119978,1.925360162e+43,6.080624442481499e+42,2.5861991228022698e+42,5.772038023999999e+43,4.2703238847555117e+43,1.3959716986817302e+43,2.295810475,0.2464610780000002,0.2913070219999998,1.7643770789999998e+43,6.9800461937996e+41,9.230252929352599e+41,3.905201387e+43,2.10911635383996e+42,3.23651782553207e+42
109,1eRASS J063846.8-535831,230.0,99.69,-53.97,1401.0,0.25,96.0,6.164455,7.24,6.47,10.49,566.034,544.923,583.85,7.969300269,1.5607906109999998,2.485395671000001,5.736447335000001e+44,1.4303637519400712e+43,1.3371052580026501e+43,1.9768135010000003e+45,1.7657372021423358e+44,1.2322038052858547e+44,8.739630265,0.2122210889999998,0.1639743940000002,7.225040553e+44,3.1647505344489104e+42,3.0756037422128505e+42,2.580878138e+45,1.3378842662296738e+43,1.4418955874104712e+43
110,1eRASS J030458.8-313930,11900.0,46.24,-31.66,500.0,0.62,34.0,2.9080396,-1.0,-1.0,-1.0,-1.0,-1.0,94.907,,,,,,,,,,3.162253229,1.032246073,2.221048456,4.360448678e+43,8.72412852560569e+42,1.3300457097733779e+43,1.0917616229999999e+44,2.683274815804008e+43,2.0359439055235544e+43
111,1eRASS J031705.2-593719,2668.0,49.27,-59.63,500.0,0.26,51.0,5.0262237,-1.0,-1.0,-1.0,-1.0,-1.0,46.001,,,,,,,,,,5.352398464,1.0450145270000002,1.6939670949999996,1.602589108e+43,2.0962180441847604e+42,1.9354154320038004e+42,4.910100974000001e+43,5.79173055625293e+42,7.32755080503125e+42
112,1eRASS J203826.6-561509,595.0,309.61,-56.26,500.0,0.37,67.0,3.6791718,-1.0,-1.0,-1.0,-1.0,-1.0,51.075,,,,,,,,,,5.285407535,1.0043509310000005,1.2984530899999998,3.425376158e+43,1.9478690520724198e+42,2.5549053256723705e+42,1.0443820610000002e+44,9.858198757004741e+42,5.62406811072929e+42
