,Cluster,ra,dec,z,R500,Nhtot,T_M24,T_M24_hi_err,T_M24_lo_err,T_P26,T_P26_hi_err,T_P26_lo_err
0,A0458,56.482778387402384,-24.28030388391261,0.106,7.857,1.28,3.564,1.288,0.983,3.181869699,1.273027571,0.732505824
1,A0478,63.35669329005308,10.467366926647374,0.088,12.893,25.7,12.910,8.066,3.099,63.92891719,-63.92891719,33.522526920000004
2,A0496,68.40986048747858,-13.259277355378766,0.033,25.535,5.99,3.915,0.492,0.387,3.995079987,0.945360834,0.735046036
3,A0500,69.72750321725279,-22.11357568173907,0.067,10.287,3.53,4.811,2.214,1.193,5.451770349,5.067346531,2.8414993880000003
4,A0520,73.54619172836067,2.918380555922524,0.203,6.128,6.87,6.036,3.475,1.770,6.384994202,5.236361998,2.2409787189999992
5,A0545,83.09642389887966,-11.530027855392424,0.154,7.113,16.3,4.888,2.669,1.482,10.97764903,34.80624838,4.568055781
6,A0550,88.21860752430585,-21.05701373770339,0.099,9.189,4.87,4.577,2.770,1.317,2.91167364,1.258018164,0.6452431600000001
7,A0586,113.09226077921733,31.62962064358773,0.171,6.615,5.84,3.241,3.979,1.070,0.243122274,0.0636993702,0.0262335590999999
8,A0602,118.35122255114882,29.366080655522303,0.062,10.84,3.99,2.573,1.245,0.690,2.17268048,0.5969597320000002,0.2853918979999998
9,A0697,130.7356521437194,36.3624308380911,0.282,4.911,3.28,,,,63.9289498,-63.9289498,52.07728464
10,A0761,137.6510918947841,-10.581083777350027,0.091,8.428,5.49,2.893,2.034,0.766,2.124377418,1.7254970910000005,0.4978932059999998
11,A0795,141.02324604373146,14.168446694775067,0.136,7.315,3.62,3.006,2.297,0.909,3.116077777,4.174364213,1.22516894
12,A0907,149.5924978010327,-11.059371817851536,0.164,6.683,6.67,6.468,8.922,2.643,4.122000146,4.366468387,1.5869679850000002
13,A1084,161.13720657658854,-7.072910151558191,0.134,7.827,3.89,,,,2.988952475,2.9878794020000004,0.8654967089999999
14,A1185,167.69492236128625,28.706104222045155,0.031,15.621,1.95,,,,6.670505925,-6.670505925,4.228143167
15,A1205,168.33585957946718,2.532134931308736,0.078,9.864,4.4,6.462,7.680,3.010,2.298308875,2.4441827490000003,0.661413859
16,A1285,172.58146185819538,-14.582977679158224,0.095,8.753,3.88,6.843,8.637,2.247,63.98255276,-63.98255276,57.354827816
17,A1307,173.22056810022235,14.468699291162109,0.083,10.552,3.26,3.302,1.311,0.763,3.843249407,2.315536906,1.0623591879999998
18,A1348,175.35081299497938,-12.27246992966311,0.113,7.384,2.98,1.929,1.124,0.328,1.993330806,1.735752096,0.4621113569999999
19,A1367,176.1520425015774,19.7589029471555,0.021,34.765,1.89,4.118,0.913,0.593,0.3197668684,0.0165751569,0.0157871561
20,A1413,178.82700392762743,23.40737339679067,0.143,7.926,1.97,6.515,5.783,2.705,3.925640818,3.904855814,1.6259113650000003
21,A1437,180.10557630158385,3.3331935508027666,0.134,7.6,2.29,6.445,5.038,2.514,3.396931393,2.542096795,1.016292559
22,A1553,187.69587566178765,10.560359010795692,0.165,6.43,2.29,2.857,0.886,0.539,2.426168826,1.065931156,0.521912293
23,A1631,193.31016811973123,-15.380497822195933,0.046,12.71,3.99,1.292,0.366,0.165,63.98721191,-63.98721191,62.256429651
24,A1644,194.2900616629754,-17.400125259888444,0.047,17.859,5.1,3.590,0.684,0.558,2.809619756,1.176384429,0.6090733090000002
25,A1648,194.70764477530187,-26.667377621849933,0.075,9.242,8.68,1.606,0.285,0.190,2.07431677,0.5937836780000003,0.4268274639999998
26,A1650,194.67145091800296,-1.757034060857064,0.084,11.568,1.43,4.452,1.335,0.990,3.655317648,1.506732042,0.98220871
27,A1651,194.83941253543423,-4.194393972573947,0.084,11.817,1.63,5.165,1.196,0.958,5.052138875,2.43726167,1.292101599
28,A1668,195.9399163157244,19.2716726300136,0.064,11.512,2.39,3.634,2.317,1.164,2.863462028,1.892061807,0.8963250589999998
29,A1689,197.8748937410761,-1.3348649201820268,0.183,7.311,1.98,5.947,5.404,1.447,16.5009861,-16.5009861,8.754421535999999
30,A1736,201.72485460194187,-27.183286526109423,0.046,17.952,5.49,2.951,0.580,0.410,4.309985888,3.438744036,1.802548969
31,A1750,202.70795721781968,-1.872495093035664,0.085,10.396,2.67,,,,55.25571395,-55.25571395,47.008209008
32,A1835,210.25959295522892,2.8803427654692704,0.253,5.999,2.24,5.698,4.200,1.486,4.621179297,2.8416265659999995,1.6937344710000004
33,A1837,210.40269901406785,-11.12438144812642,0.07,9.84,5.2,4.342,3.320,1.142,4.624056299,3.750979663,1.9110980690000003
34,A2717,0.8007148429383125,-35.9269546057824,0.049,12.84,1.22,2.438,1.305,0.509,1.763429835,0.6671247380000003,0.2106282019999998
35,A2721,1.5122778212844346,-34.7242207836882,0.115,7.601,1.38,,,,1.163295691,0.1722348759999998,0.213767899
36,A2877,17.50154926282942,-45.92236145507204,0.024,21.698,1.98,2.371,0.653,0.364,1.300950579,0.1307823759999999,0.1001246369999999
37,A3104,48.58200211525488,-45.4239419520741,0.072,10.553,2.03,3.296,0.977,0.670,3.581980443,1.6240130290000003,0.7848995830000001
38,A3112,49.49429804160779,-44.2392464152007,0.075,13.184,1.38,5.069,1.558,1.000,4.567089698,4.1530472320000005,1.475854538
39,A3122,50.57740993663293,-41.35928654629263,0.064,10.491,1.57,5.280,2.535,1.627,11.46624797,-11.46624797,7.034532261
40,A3126,52.15620135348803,-55.71272886723507,0.085,9.628,1.62,4.934,1.934,1.047,6.446794664,3.876762846000001,1.5920990479999997
41,A3128,52.50246361902343,-52.59614232385352,0.062,12.245,1.53,2.995,0.894,0.541,2.563818471,1.0779555910000005,0.6055776779999997
42,A3266,67.84975677800057,-61.443608197281854,0.059,16.806,1.72,5.267,0.388,0.360,6.633296105,0.8317597009999993,0.6814340420000002
43,A3301,75.19436938239406,-38.67827611819655,0.054,12.009,2.23,3.147,1.210,0.705,5.455774978,4.581359622,1.7777568330000002
44,A3341,81.38634566229383,-31.595446097057344,0.038,15.869,1.59,2.669,0.713,0.435,2.181158235,0.6973465870000002,0.2758874849999999
45,A3364,86.90958111059058,-31.875138272303616,0.148,7.147,2.27,4.436,2.343,1.133,5.593014164,4.086217157999999,1.6476942420000005
46,A3376,90.44087990732942,-39.99272867849543,0.047,15.842,5.84,3.670,0.630,0.484,3.141619668,1.7321664230000002,0.7159781620000003
47,A3378,91.47046502331376,-35.300382542922854,0.148,7.545,4.82,2.703,0.863,0.459,2.754652711,1.038843526,0.607366061
48,A3391,96.5942699890778,-53.69526229656199,0.051,14.919,7.59,5.438,1.039,0.826,7.596168091,3.5542189090000003,1.867597933
49,A3392,96.78412429848868,-35.48878189608387,0.043,12.763,7.96,1.720,0.544,0.240,0.9826714305,0.0921990295,0.2162584150000001
50,A3396,97.20731876689432,-41.7283407556668,0.176,6.085,6.95,3.570,1.313,0.705,3.770718145,2.1938780280000003,0.93675896
51,A3404,101.37215924912188,-54.21857686263144,0.167,7.109,7.62,8.142,4.077,1.891,63.96726493,-63.96726493,34.94180749
52,A3444,155.96169703236404,-27.25829176689337,0.26,5.389,6.97,,,,2.998670352,4.583126507999999,1.153947003
53,A3490,176.3298551540894,-34.42864805592121,0.07,10.194,9.69,2.406,0.648,0.372,1.944910467,0.680589815,0.2792363089999998
54,A3497,180.02069728302774,-31.40553910543593,0.068,10.201,6.9,2.113,0.653,0.393,1.319821787,0.346571752,0.1126847429999999
55,A3526,192.19966889098907,-41.308017858394685,0.009,59.084,12.2,2.948,0.167,0.153,4.692263731,0.7156770890000006,0.6509171619999998
56,A3528N,193.5975622561324,-29.02229424532052,0.054,12.679,8.15,4.393,3.528,1.151,17.8943543,-17.8943543,11.793379417
57,A3532,194.32044132742016,-30.3767953176469,0.055,14.252,8.44,9.127,5.350,2.383,6.778256223,3.573073147000001,2.092179132
58,A3558,201.98960195675272,-31.50280762551686,0.048,19.501,4.84,5.704,1.021,0.777,34.54542179,-34.54542179,25.250334943
59,A3558B,202.4284045737652,-31.60238365976027,0.049,14.534,4.62,2.343,0.513,0.330,1.911998322,0.4199709199999999,0.27070426
60,A3558C,202.88492587656071,-31.81548802774605,0.045,12.387,4.46,2.340,0.831,0.432,1.308617469,0.3095563959999998,0.1442281440000001
61,A3560,203.09363922491195,-33.13942479625721,0.049,14.439,5.16,2.397,0.498,0.311,2.948920227,2.2739388770000004,0.9534929
62,A3562,203.40129908422168,-31.661015757425,0.049,16.102,4.47,3.429,0.630,0.498,6.595987398,8.864102562,2.470448338
63,A3570,206.7186809046937,-37.87443339233742,0.038,13.792,6.37,1.591,0.240,0.166,1.744800837,0.9450453209999998,0.2217892840000002
64,A3571,206.8686800933811,-32.849760034900704,0.039,24.793,5.08,5.172,0.484,0.451,4.664914194,0.9552791120000004,1.0296806139999997
65,A3638,291.3737921110612,-42.949627590130426,0.08,9.631,7.36,,,,2.993117182,2.412916634,0.9867633850000002
66,A3651,298.0695099535497,-55.06197139473179,0.06,11.334,4.72,2.063,0.411,0.222,1.863113749,0.5121496410000002,0.2224149020000001
67,A3667,303.1278485265684,-56.83226138096409,0.056,18.503,5.26,4.553,0.802,0.707,5.173527396,4.210209647,1.6598000369999997
68,A3806,326.58720855736624,-57.288516246606285,0.076,9.765,2.86,4.224,4.375,1.270,5.672262752,9.453028598,2.168594004
69,A3822,328.5374115906609,-57.85513932457511,0.076,11.556,2.53,6.676,7.398,1.995,6.917998612,6.898021398000001,2.289276202
70,A3827,330.4840516754245,-59.94949150053214,0.098,10.455,2.95,4.860,1.841,1.088,5.187105245,6.253947775,2.029074223
71,A3836,332.3472806233702,-51.81484407858439,0.113,7.897,1.77,,,,6.308829877,-6.308829877,3.272717191
72,A3911,341.5776198113943,-52.72914821928629,0.097,9.596,1.14,6.574,3.517,1.860,5.000849546,3.635268441,1.5353646540000003
73,A3921,342.48784675239136,-64.42893804169584,0.094,10.032,2.6,3.038,0.814,0.520,3.873469706,2.4181272390000004,1.2118959119999997
74,A3998,350.3895263507225,-41.89857565018432,0.089,9.402,1.66,1.999,0.496,0.310,2.030382962,0.548186624,0.3468103090000001
75,A4059,359.2598345035784,-34.760480838875054,0.047,17.257,1.26,4.773,1.990,1.120,25.38926052,-25.38926052,20.044295312000003
76,APMCC772,336.1144574070477,-55.25613707175809,0.089,9.292,1.9,1.720,0.473,0.262,0.9308314604,0.1214257135999999,0.1688385725
77,CID28,73.7097072456373,-18.10955059897116,0.04,14.85,4.91,3.837,1.443,0.832,3.406583488,2.4514463180000003,1.0957491029999995
78,CID36,85.53891404778756,-26.12310353083992,0.039,14.272,1.7,3.058,1.787,0.723,3.133930654,4.413632492,1.1862205759999995
79,HCG62,193.27304115604665,-9.200535503239594,0.015,25.447,3.81,1.250,0.113,0.104,1.248808293,0.255045001,0.201712106
80,MKW11,202.38359567416472,11.789333984410986,0.022,19.019,2.27,1.001,0.133,0.083,0.1371360652,-0.1371360652,0.1371360652
81,MKW4,181.10510913694463,1.90064713090311,0.02,25.467,1.87,2.266,0.561,0.345,16.3216449,-16.3216449,9.510597602
82,MKW8,220.1592805586979,3.4763704225169003,0.026,19.899,2.68,,,,3.920751079,2.521636913,1.228312183
83,MS1306.7,197.3205591778718,-1.6122154503651256,0.084,8.545,1.88,,,,5.873904918,36.900405152,3.55177074
84,NGC1550,64.90761930851266,2.413700246626982,0.013,38.856,16.2,1.102,0.034,0.038,1.227627248,0.0548431440000001,0.0602016659999999
85,NGC1650,71.29141201474002,-15.850778822103504,0.036,15.47,5.34,5.436,3.331,1.359,63.92196541,-63.92196541,49.58711966
86,NGC4325,185.77713401193287,10.623925326992715,0.026,18.52,2.54,0.955,0.090,0.089,0.2815640265,0.0598203789999999,0.0419223476
87,NGC4636,190.7061804821709,2.686032234771448,0.004,91.302,2.07,,,,0.8281421486,0.0453676372999999,0.0462659747
88,NGC5044,198.8497657757475,-16.390188532570797,0.009,52.495,6.25,1.073,0.034,0.026,1.084861522,0.0438050869999999,0.03313165
89,RBS0540,66.4644925781182,-8.559185169809552,0.04,18.883,12.4,2.530,0.509,0.366,6.60656057,4.68683659,2.891957144
90,RBS0653,82.23482265862346,-39.46302012391536,0.286,4.887,2.26,4.063,1.169,0.802,4.017634364,2.083830985,1.186918886
91,RBS1847,334.52247564584934,-65.18513081964288,0.095,9.112,2.45,3.734,1.939,1.058,6.999205068,10.144677642,3.428414855
92,RXCJ0340.6m0239,55.17408585490047,-2.666153030930745,0.035,15.39,7.33,1.097,0.135,0.130,0.9781816813,0.0982641536999998,0.1458211743
93,RXCJ1304.2-3030,196.06974748994892,-30.51517757230301,0.012,29.833,8.85,0.880,0.067,0.065,1.056082783,0.215943288,0.1575101626999999
94,RXCJ1337.4m4120,204.36767750376143,-41.33352162367581,0.051,11.385,8.52,1.442,0.120,0.097,1.940472933,0.7162368320000001,0.3131698829999998
95,RXCJ1353.4m2753,208.37225374302616,-27.88835176449808,0.047,12.075,5.81,1.853,0.797,0.339,1.923595685,2.453027977,0.3775753529999999
96,RXCJ1504.1-0248,226.0319872287432,-2.805113069299328,0.215,7.267,8.39,6.847,9.602,1.756,4.633729585,3.131763187,1.5500689310000002
97,RXCJ1539.5-8335,234.89035927330227,-83.59237936341935,0.064,12.191,10.7,4.043,1.720,1.135,5.402438395,4.858342185000001,2.029045498
98,RXCJ1558.3-1410,239.59622812666623,-14.167716445177978,0.097,9.977,16.8,4.309,1.405,1.133,9.65194011,43.96620737,3.958457824
99,RXCJ1926.9m5342,291.7432600046687,-53.70337412168299,0.057,11.94,5.0,1.754,0.821,0.324,1.614410553,0.3856391290000003,0.2649378789999999
100,RXCJ2104.9m5149,316.22807016875225,-51.82607469830045,0.049,13.229,2.8,1.343,0.248,0.145,1.437778935,0.2093153059999999,0.133876428
101,RXCJ2124.3m7446,321.09292155153946,-74.77349595646673,0.062,10.741,7.15,,,,2.36559539,2.54287668,0.6415710690000003
102,RXJ1347.5-1145,206.87514409134124,-11.748938288178817,0.447,4.1,5.82,,,,63.98834102,-63.98834102,42.39372992
103,S0112,14.450797134920284,-66.81212614603842,0.066,10.668,2.37,3.351,3.333,1.093,1.915278227,0.622912559,0.286948816
104,S0301,42.40364554283552,-31.188399377494893,0.023,19.239,2.56,1.311,0.113,0.104,0.2421634791,0.0784300293,0.0240714119
105,S0384,56.44089543148377,-41.20785015849008,0.061,10.727,1.29,2.427,0.646,0.350,2.580210981,0.8713779289999999,0.550756282
106,S0405,57.78692555091933,-82.2161100276277,0.049,12.668,7.37,,,,2.84585318,0.6192307029999999,0.482555579
107,S0540,85.02668942936317,-40.84246631221666,0.036,17.46,3.33,2.940,0.662,0.461,3.208974337,1.6737556959999995,0.7212528979999999
108,S0555,89.30485191189152,-37.46598492469174,0.044,13.207,3.93,3.431,2.818,1.153,3.431897873,2.4245334990000003,1.1446999780000002
109,S0592,99.69344458004578,-53.97138107040714,0.227,5.708,8.28,9.419,8.895,3.999,7.699167452,4.334042857999999,2.186144445
110,S0753,210.8995797485133,-33.987798933427165,0.013,27.92,6.68,1.779,0.199,0.142,2.563600772,3.33221338,0.730799185
111,S0780,224.87160094206388,-18.186771939803883,0.235,5.953,10.1,4.078,2.870,1.133,3.948385672,2.7435452769999995,1.3377841570000002
112,S0805,281.834434925448,-63.33661922285611,0.015,25.073,8.24,1.426,0.286,0.205,3.352525131,16.093244849,1.638035982
113,S0810,288.1686090899572,-75.29126232725592,0.073,10.742,7.1,3.049,3.139,0.844,13.3993949,-13.3993949,8.746530735
114,S0851,302.4755275914649,-48.39322982876477,0.01,30.402,4.63,0.875,0.054,0.046,0.8582067744,0.5623362926000001,0.2960709611000001
115,S0861,304.69030977650414,-52.706520065761865,0.051,13.652,4.93,3.211,4.172,1.021,63.92278725,-63.92278725,49.1266012
116,S1063,342.1810534510195,-44.52869794544033,0.347,4.832,1.28,,,,10.1555552,12.0903079,4.343550895
117,S1101,348.494691560978,-42.733601336255234,0.056,14.933,1.17,2.419,1.640,0.568,2.744037546,2.962375726,0.82959684
118,ZwCl4905,182.5785181897359,5.3852112268101,0.075,9.493,1.54,3.849,3.606,1.202,2.063240643,1.313287076,0.3987054079999999
119,1ES0657,104.62864682988288,-55.946907068030285,0.296,5.244,6.44,7.251,2.177,1.251,10.81068069,4.68996078,2.6779761870000005
120,A1060,159.1737940348027,-27.52440016556905,0.013,45.317,6.18,3.152,0.374,0.295,3.328641879,0.7975196440000003,0.5927665150000001
121,A1142,165.2037725244471,10.559547913074889,0.035,14.074,2.44,1.914,1.779,0.427,2.397197215,-2.397197215,0.7712374259999999
122,A1451,180.8211871565535,-21.522477940928887,0.199,5.952,4.48,9.203,9.181,3.905,8.970752387,32.467225013000004,3.980644506999999
123,A2941,26.259421800155643,-53.01352375986236,0.121,7.635,2.91,3.170,1.210,0.745,5.887709418,13.601034222,2.745893512
124,A3158,55.72440279999152,-53.63505404033573,0.059,15.581,1.4,3.654,0.381,0.315,3.493711937,0.5449562450000003,0.4135274120000001
125,A3528S,193.6722938315121,-29.223369739857446,0.054,13.949,8.23,2.804,0.864,0.483,3.44278227,2.611144968,0.98618529
126,A3530,193.8939613775293,-30.33023958007696,0.054,12.73,8.03,2.613,0.936,0.523,8.012544642,15.509576798,4.906330981
127,A3581,211.86735067609507,-27.014894015195413,0.023,25.823,5.32,1.739,0.180,0.152,1.661340792,0.3128104039999999,0.19137383
128,A3653,298.2542268996158,-52.0308013823264,0.107,7.889,4.99,4.848,7.366,2.166,10.49044359,-10.49044359,7.450293412
129,A3825,329.6132274311158,-60.399550667368814,0.075,10.165,3.28,,,,2.006058846,2.444722221,0.6133105180000002
130,RXCJ0510.7-0801,77.6862507043139,-8.018177402479035,0.22,5.628,8.88,3.529,1.158,0.701,4.535519493,3.26591805,1.3811325369999996
131,RXCJ1314.4m2515,198.61671212229453,-25.26168614502948,0.244,5.384,8.95,,,,14.54423202,-14.54423202,9.553839432
132,S0520,79.15913958604725,-54.51409424837954,0.295,4.772,2.21,7.152,3.913,2.255,8.596643715,7.663710504999999,4.092580518000001
133,USGCS152,162.6062590891584,-12.846977844113356,0.015,27.532,4.55,0.912,0.133,0.130,63.98282625,-63.98282625,63.98282625
134,Zw0959.6+3257,150.66126218556968,32.699224588841126,0.05,11.638,1.76,,,,1.223050874,0.368564155,0.1999261909999998
135,Zw1215.1+0400,184.41914549993905,3.6630135161366537,0.077,12.116,1.88,4.035,1.225,0.610,9.464912147,-9.464912147,4.417964059
136,ZwCl3179,156.48279002507874,12.685317368222211,0.143,6.759,4.08,3.146,2.339,0.921,2.51130378,1.375649364,0.592028832
